,HAT_KODU,HAT_ADI,TAM_HAT_ADI,HAT_DURUMU,BOLGE,SEFER_SURESI
0,1,KİRAZLITEPE - ACIBADEM - KADIKÖY,1/KİRAZLITEPE - ACIBADEM - KADIKÖY,1,Anadolu1,47.29
1,10,Ü.EĞT.ARŞ.HASTANESİ - ATAŞEHİR / BOSTANCI,10/Ü.EĞT.ARŞ.HASTANESİ - ATAŞEHİR / BOSTANCI,1,Anadolu1,87.44
2,10A,ESATPAŞA - YEDİTEPE ÜNİVERSİTESİ / FERHATPAŞA,10A/ESATPAŞA - YEDİTEPE ÜNİVERSİTESİ / FERHATPAŞA,1,Anadolu1,88.03
3,10B,BOSTANCI - KADIKÖY,10B/BOSTANCI - KADIKÖY,1,Anadolu1,53.09
4,10E,ESATPAŞA - KADIKÖY,10E/ESATPAŞA - KADIKÖY,1,Anadolu1,57.64
5,10G,ÜMRANİYE / ESATPAŞA - SÖĞÜTLÜÇEŞME METROBÜS,10G/ÜMRANİYE / ESATPAŞA - SÖĞÜTLÜÇEŞME METROBÜS,1,Anadolu1,76.17
6,10S,BOSTANCI - KADIKÖY,10S/BOSTANCI - KADIKÖY,0,Anadolu1,59.63
7,11,YENİDOĞAN - ALTUNİZADE METROBÜS,11/YENİDOĞAN - ALTUNİZADE METROBÜS,1,Anadolu2,105.07
8,11A,ALEMDAĞ - ALTUNİZADE METROBÜS,11A/ALEMDAĞ - ALTUNİZADE METROBÜS,1,Anadolu2,193.97
9,11BE,BURHANİYE MAHALLESİ - ÜSKÜDAR,11BE/BURHANİYE MAHALLESİ - ÜSKÜDAR,1,Anadolu1,56.76
10,11C,EMNİYET MAHALLESİ - ÜSKÜDAR,11C/EMNİYET MAHALLESİ - ÜSKÜDAR,1,Anadolu1,54.41
11,11CÜ,EMNİYET MAHALLESİ- ÜMRANİYE METRO/RİNG,11CÜ/EMNİYET MAHALLESİ- ÜMRANİYE METRO/RİNG,1,Anadolu1,43.4
12,11D,İNKILAP MAHALLESİ - ÜSKÜDAR,11D/İNKILAP MAHALLESİ - ÜSKÜDAR,1,Anadolu1,79.53
13,11E,ESATPAŞA - ÜSKÜDAR,11E/ESATPAŞA - ÜSKÜDAR,1,Anadolu1,69.79
14,11EK,ESATPAŞA / KARLIDERE - ÜSKÜDAR,11EK/ESATPAŞA / KARLIDERE - ÜSKÜDAR,0,Anadolu1,39.55
15,11ES,ESENEVLER - ACIBADEM METROBÜS / ÜSKÜDAR,11ES/ESENEVLER - ACIBADEM METROBÜS / ÜSKÜDAR,1,Anadolu1,68.54
16,11G,YENİDOĞAN - NECİP FAZIL METRO,11G/YENİDOĞAN - NECİP FAZIL METRO,1,Anadolu2,61.05
17,11H,ORTAÇEŞME - ÜMRANİYE,11H/ORTAÇEŞME - ÜMRANİYE,1,Anadolu1,130.47
18,11K,KAZIM KARABEKİR MAHALLESİ - ÜSKÜDAR,11K/KAZIM KARABEKİR MAHALLESİ - ÜSKÜDAR,1,Anadolu1,79.92
19,11L,ESATPAŞA / BULGURLU - ÜSKÜDAR,11L/ESATPAŞA / BULGURLU - ÜSKÜDAR,1,Anadolu1,58.37
20,11M,MUSTAFA KEMAL MAHALLESİ - ÜSKÜDAR,11M/MUSTAFA KEMAL MAHALLESİ - ÜSKÜDAR,1,Anadolu1,98.75
21,11N,ESENEVLER - ÜSKÜDAR,11N/ESENEVLER - ÜSKÜDAR,1,Anadolu1,58.05
22,11NM,ÖZYEĞİN ÜNİVERSİTESİ - ALTUNİZADE METROBÜS,11NM/ÖZYEĞİN ÜNİVERSİTESİ - ALTUNİZADE METROBÜS,0,Anadolu2,140.05
23,11P,EMEK MAHALLESİ - ÜSKÜDAR,11P/EMEK MAHALLESİ - ÜSKÜDAR,1,Anadolu2,128.41
24,11R,REŞADİYE - NECİP FAZIL METRO,11R/REŞADİYE - NECİP FAZIL METRO,1,Anadolu2,80.88
25,11SA,UĞUR MUMCU / SAMANDIRA - NECİP FAZIL METRO,11SA/UĞUR MUMCU / SAMANDIRA - NECİP FAZIL METRO,1,Anadolu2,88.95
26,11ST,DUMLUPINAR - ÜSKÜDAR,11ST/DUMLUPINAR - ÜSKÜDAR,1,Anadolu1,78.42
27,11T,TÜRKİŞ BLOKLARI - HAREM,11T/TÜRKİŞ BLOKLARI - HAREM,1,Anadolu1,108.19
28,11V,VEYSEL KARANİ - ALTUNİZADE METROBÜS,11V/VEYSEL KARANİ - ALTUNİZADE METROBÜS,1,Anadolu2,129.33
29,11Y,YAVUZTÜRK MAHALLESİ - ÜSKÜDAR,11Y/YAVUZTÜRK MAHALLESİ - ÜSKÜDAR,1,Anadolu1,59.15
30,11ÇB,KAVACIK / ÇAVUŞBAŞI - ÜMRANİYE,11ÇB/KAVACIK / ÇAVUŞBAŞI - ÜMRANİYE,1,Anadolu1,124.12
31,11Ü,ESATPAŞA / ÜNALAN - ÜSKÜDAR,11Ü/ESATPAŞA / ÜNALAN - ÜSKÜDAR,1,Anadolu1,69.05
32,11ÜS,SULTANBEYLİ - ÜSKÜDAR,11ÜS/SULTANBEYLİ - ÜSKÜDAR,1,Anadolu2,168.08
33,12,KADIKÖY - ÜSKÜDAR,12/KADIKÖY - ÜSKÜDAR,1,Anadolu1,23.24
34,121A,BEYKOZ - MECİDİYEKÖY,121A/BEYKOZ - MECİDİYEKÖY,1,Anadolu1,123.94
35,121B,KAVACIK - MECİDİYEKÖY,121B/KAVACIK - MECİDİYEKÖY,1,Anadolu1,60.42
36,121BS,SULTANİYE / SOĞUKSU MAHALLESİ - MECİDİYEKÖY,121BS/SULTANİYE / SOĞUKSU MAHALLESİ - MECİDİYEKÖY,1,Anadolu1,94.1
37,122B,YENİDOĞAN - MECİDİYEKÖY,122B/YENİDOĞAN - MECİDİYEKÖY,0,Anadolu2,169.99
38,122C,TEPEÜSTÜ - MECİDİYEKÖY,122C/TEPEÜSTÜ - MECİDİYEKÖY,1,Anadolu1,100.25
39,122D,ATATÜRK MAHALLESİ - MECİDİYEKÖY,122D/ATATÜRK MAHALLESİ - MECİDİYEKÖY,1,Anadolu2,159.11
40,122H,S.GÖKÇEN HAVALİMANI / YENİŞEHİR - 4.LEVENT METRO,122H/S.GÖKÇEN HAVALİMANI / YENİŞEHİR - 4.LEVENT METRO,1,Anadolu2,244.15
41,122M,ŞAHİNBEY - MECİDİYEKÖY,122M/ŞAHİNBEY - MECİDİYEKÖY,1,Anadolu2,139.09
42,122V,VEYSEL KARANİ - 4.LEVENT METRO,122V/VEYSEL KARANİ - 4.LEVENT METRO,1,Anadolu2,184.4
43,122Y,ÇEKMEKÖY - MECİDİYEKÖY,122Y/ÇEKMEKÖY - MECİDİYEKÖY,1,Anadolu2,234.38
44,122ÇK,ŞAHİNBEY - KAVACIK,122ÇK/ŞAHİNBEY - KAVACIK,1,Anadolu2,90.82
45,125,KADIKÖY - 4.LEVENT / KONAKLAR MAHALLESİ,125/KADIKÖY - 4.LEVENT / KONAKLAR MAHALLESİ,0,Anadolu1,81.87
46,129L,KOZYATAĞI - 4.LEVENT METRO,129L/KOZYATAĞI - 4.LEVENT METRO,1,Anadolu1,124.54
47,129T,BOSTANCI - TAKSİM,129T/BOSTANCI - TAKSİM,1,Anadolu1,105.75
48,12A,KADIKÖY - ÜSKÜDAR,12A/KADIKÖY - ÜSKÜDAR,1,Anadolu1,35.46
49,12C,ÜSKÜDAR DEVLET HASTANESİ - ÜSKÜDAR,12C/ÜSKÜDAR DEVLET HASTANESİ - ÜSKÜDAR,1,Anadolu1,29.81
50,12H,GÜZELTEPE-KADIKÖY,12H/GÜZELTEPE-KADIKÖY,0,Anadolu1,68.37
51,12ÜS,SANCAKTEPE - ÜSKÜDAR,12ÜS/SANCAKTEPE - ÜSKÜDAR,0,Anadolu2,169.94
52,13,ATAŞEHİR / ÇAKMAK MAHALLESİ - KADIKÖY,13/ATAŞEHİR / ÇAKMAK MAHALLESİ - KADIKÖY,1,Anadolu1,110.24
53,130,TUZLA - KADIKÖY,130/TUZLA - KADIKÖY,0,Anadolu2,207.86
54,130A,DENİZ HARP OKULU - KADIKÖY,130A/DENİZ HARP OKULU - KADIKÖY,1,Anadolu2,201.61
55,130E,TUZLA / EVORA KONUTLARI - KARTAL METRO / CEVİZLİ,130E/TUZLA / EVORA KONUTLARI - KARTAL METRO / CEVİZLİ,1,Anadolu2,169.03
56,130H,DENİZ HARP OKULU - SABİHA GÖKÇEN HAVALİMANI,130H/DENİZ HARP OKULU - SABİHA GÖKÇEN HAVALİMANI,1,Anadolu2,169.07
57,130T,AYDINLI TOKİ KONUTLARI - TUZLA,130T/AYDINLI TOKİ KONUTLARI - TUZLA,1,Anadolu2,87.76
58,130Ş,ŞİFA MAHALLESİ - KADIKÖY,130Ş/ŞİFA MAHALLESİ - KADIKÖY,1,Anadolu2,204.02
59,130ŞT,ŞİFA MAHALLESİ - TAVŞANTEPE METRO,130ŞT/ŞİFA MAHALLESİ - TAVŞANTEPE METRO,1,Anadolu2,80.83
60,131,SULTANBEYLİ - ÜMRANİYE,131/SULTANBEYLİ - ÜMRANİYE,1,Anadolu2,126.21
61,131A,AHMET YESEVİ MAHALLESİ - ÜMRANİYE,131A/AHMET YESEVİ MAHALLESİ - ÜMRANİYE,1,Anadolu2,122.15
62,131B,MİMAR SİNAN MAHALLESİ - ÜMRANİYE,131B/MİMAR SİNAN MAHALLESİ - ÜMRANİYE,1,Anadolu2,138.8
63,131C,SABİHA GÖKÇEN H.L./SULTANBEYLİ - NECİP FAZIL METRO,131C/SABİHA GÖKÇEN H.L./SULTANBEYLİ - NECİP FAZIL METRO,1,Anadolu2,121.85
64,131H,HİLAL KONUTLARI - TEPEÜSTÜ,131H/HİLAL KONUTLARI - TEPEÜSTÜ,1,Anadolu2,127.73
65,131K,YEŞİLTEPE / ŞAHİNBEY - KARTAL,131K/YEŞİLTEPE / ŞAHİNBEY - KARTAL,1,Anadolu2,138.81
66,131MS,SULTANBEYLİ DEVLET HAST./ UZUNDERE - SULTANBEYLİ PERONLAR,131MS/SULTANBEYLİ DEVLET HAST./ UZUNDERE - SULTANBEYLİ PERONLAR,0,,32.58
67,131SB,SULTANBEYLİ MERKEZ-SULTANBEYLİ YENİ DEVLET HAST.,131SB/SULTANBEYLİ MERKEZ-SULTANBEYLİ YENİ DEVLET HAST.,1,Anadolu2,91.81
68,131SÜ,SULTANBEYLİ - SANTRAL,131SÜ/SULTANBEYLİ - SANTRAL,0,Anadolu2,69.01
69,131T,ATATÜRK MAH./ TAŞDELEN - İMES/ ÜMRANİYE,131T/ATATÜRK MAH./ TAŞDELEN - İMES/ ÜMRANİYE,1,Anadolu2,113.33
70,131TD,TAŞDELEN - ÜMRANİYE,131TD/TAŞDELEN - ÜMRANİYE,1,Anadolu2,114.37
71,131V,VEYSEL KARANİ - YAKACIK / KARTAL,131V/VEYSEL KARANİ - YAKACIK / KARTAL,1,Anadolu2,110.77
72,131Y,ÇEKMEKÖY/SAMANDIRA-KARTAL,131Y/ÇEKMEKÖY/SAMANDIRA-KARTAL,1,Anadolu2,131.75
73,131YS,SULTANBEYLİ DEVLET HASTANESİ - YENİDOĞAN - ÜMRANİYE,131YS/SULTANBEYLİ DEVLET HASTANESİ - YENİDOĞAN - ÜMRANİYE,1,Anadolu2,121.96
74,131Ü,SULTANBEYLİ ORMAN CADDESİ - ÜMRANİYE,131Ü/SULTANBEYLİ ORMAN CADDESİ - ÜMRANİYE,1,Anadolu2,132.37
75,132,AKFIRAT / TEPEÖREN - KARTAL,132/AKFIRAT / TEPEÖREN - KARTAL,1,Anadolu2,138.1
76,132A,ÇAMLIK MAHALLESİ - KARTAL,132A/ÇAMLIK MAHALLESİ - KARTAL,1,Anadolu2,95.5
77,132B,AKFIRAT EVLERİ - KARTAL METRO,132B/AKFIRAT EVLERİ - KARTAL METRO,1,Anadolu2,165.16
78,132C,SULTANBEYLİ GÖLET - KARTAL,132C/SULTANBEYLİ GÖLET - KARTAL,1,Anadolu2,113.71
79,132D,KURTDOĞMUŞ / BALLICA - KARTAL,132D/KURTDOĞMUŞ / BALLICA - KARTAL,1,Anadolu2,187.89
80,132E,EMİRLİ / KURNAKÖY - KARTAL,132E/EMİRLİ / KURNAKÖY - KARTAL,1,Anadolu2,139.8
81,132F,ESENLER - TAVŞANTEPE METRO/ KARTAL,132F/ESENLER - TAVŞANTEPE METRO/ KARTAL,1,Anadolu2,82.21
82,132G,GÖZDAĞI - PENDİK YHT/PENDİK,132G/GÖZDAĞI - PENDİK YHT/PENDİK,1,Anadolu2,43.56
83,132H,PENDİK/PENDİK YHT - SABİHA GÖKÇEN HAVALİMANI,132H/PENDİK/PENDİK YHT - SABİHA GÖKÇEN HAVALİMANI,1,Anadolu2,83.6
84,132K,YENİŞEHİR - KARTAL,132K/YENİŞEHİR - KARTAL,1,Anadolu2,132.03
85,132M,SULTANBEYLİ MİMARSİNAN - KARTAL METRO / CEVİZLİ,132M/SULTANBEYLİ MİMARSİNAN - KARTAL METRO / CEVİZLİ,1,Anadolu2,137.8
86,132N,NİŞANTEPE / BÜYÜKBAKKALKÖY - KARTAL,132N/NİŞANTEPE / BÜYÜKBAKKALKÖY - KARTAL,1,Anadolu2,136.76
87,132P,VEYSEL KARANİ / SULTANBEYLİ - KARTAL,132P/VEYSEL KARANİ / SULTANBEYLİ - KARTAL,1,Anadolu2,150.86
88,132S,YENİDOĞAN - KARTAL,132S/YENİDOĞAN - KARTAL,1,Anadolu2,118.58
89,132SB,SULTANBEYLİ DEVLET HAST.- MARMARA ÜNİV. BAŞIBÜYÜK KAMPÜSÜ,132SB/SULTANBEYLİ DEVLET HAST.- MARMARA ÜNİV. BAŞIBÜYÜK KAMPÜSÜ,1,Anadolu2,135.32
90,132T,TEPEÖREN - KARTAL METRO,132T/TEPEÖREN - KARTAL METRO,1,Anadolu2,107.64
91,132V,YENİDOĞAN / SULTANBEYLİ DEVLET HAST. - PENDİK YHT,132V/YENİDOĞAN / SULTANBEYLİ DEVLET HAST. - PENDİK YHT,1,Anadolu2,161.83
92,132Y,HİLAL KONUTLARI / YAYALAR - KARTAL METRO,132Y/HİLAL KONUTLARI / YAYALAR - KARTAL METRO,1,Anadolu2,74.53
93,132YB,YENİDOĞAN - MARMARA ÜNİVERSİTESİ BAŞIBÜYÜK KAMPÜSÜ,132YB/YENİDOĞAN - MARMARA ÜNİVERSİTESİ BAŞIBÜYÜK KAMPÜSÜ,1,Anadolu2,118.67
94,132YM,YEŞİLTEPE-MARMARA EĞİTİM KÖYÜ,132YM/YEŞİLTEPE-MARMARA EĞİTİM KÖYÜ,1,Anadolu2,118.88
95,132Z,SULTANBEYLİ UZUNDERE - KARTAL,132Z/SULTANBEYLİ UZUNDERE - KARTAL,1,Anadolu2,120.11
96,132ÇK,ÇEKMEKÖY - KARTAL,132ÇK/ÇEKMEKÖY - KARTAL,1,Anadolu2,163.63
97,133,GÜZELYALI - KARTAL,133/GÜZELYALI - KARTAL,0,Anadolu2,72.48
98,133A,AYDINLI BAHÇELER - KARTAL,133A/AYDINLI BAHÇELER - KARTAL,1,Anadolu2,114.85
99,133AK,TEPEÖREN - KARTAL,133AK/TEPEÖREN - KARTAL,1,Anadolu2,112.46
100,133F,ACARLAR SİTESİ - MALTEPE / CEVİZLİ PERONLAR,133F/ACARLAR SİTESİ - MALTEPE / CEVİZLİ PERONLAR,1,Anadolu1,102.5
101,133G,GÜLENSU MAHALLESİ - KARTAL,133G/GÜLENSU MAHALLESİ - KARTAL,1,Anadolu1,64.6
102,133GP,GÖÇBEYLİ - KARTAL,133GP/GÖÇBEYLİ - KARTAL,1,Anadolu2,172.38
103,133K,KURTKÖY SANAYİ MAHALLESİ / KAVAKPINAR - KARTAL,133K/KURTKÖY SANAYİ MAHALLESİ / KAVAKPINAR - KARTAL,1,Anadolu2,103.64
104,133KT,AYDINLI TOKİ KONUTLARI - KARTAL,133KT/AYDINLI TOKİ KONUTLARI - KARTAL,1,Anadolu2,93.96
105,133M,TUZLA ORGANİZE SANAYİ - KAFKALE TUZLA SAHİL,133M/TUZLA ORGANİZE SANAYİ - KAFKALE TUZLA SAHİL,1,Anadolu2,145.44
106,133N,MALTEPE ÜNİVERSİTESİ - MALTEPE METRO / KARTAL,133N/MALTEPE ÜNİVERSİTESİ - MALTEPE METRO / KARTAL,1,Anadolu1,94.67
107,133P,TEPEÖREN - TUZLA,133P/TEPEÖREN - TUZLA,1,Anadolu2,102.09
108,133T,DENİZ HARP OKULU-MALTEPE PERONLAR,133T/DENİZ HARP OKULU-MALTEPE PERONLAR,1,Anadolu2,144.12
109,133TM,MİMARSİNAN MAHALLESİ - TUZLA,133TM/MİMARSİNAN MAHALLESİ - TUZLA,1,Anadolu2,78.22
110,133Ü,GAZİ BULVARI/ ORHANLI - PENDİK METRO/YHT/PENDİK,133Ü/GAZİ BULVARI/ ORHANLI - PENDİK METRO/YHT/PENDİK,1,Anadolu2,155.54
111,133Ş,ÇAĞDAŞKENT/ ŞEKERPINAR MAH. - KARTAL,133Ş/ÇAĞDAŞKENT/ ŞEKERPINAR MAH. - KARTAL,1,Anadolu2,170.15
112,134,VIAPORT / HİLAL KONUTLARI - KARTAL,134/VIAPORT / HİLAL KONUTLARI - KARTAL,1,Anadolu2,99.43
113,134CK,VELİBABA KİPTAŞ KONUTLARI / CEZAEVİ - KARTAL,134CK/VELİBABA KİPTAŞ KONUTLARI / CEZAEVİ - KARTAL,1,Anadolu2,53.18
114,134GK,UĞURMUMCU/ GÜMÜŞPINAR - KARTAL,134GK/UĞURMUMCU/ GÜMÜŞPINAR - KARTAL,1,Anadolu2,50.83
115,134K,KURFALI - KARTAL,134K/KURFALI - KARTAL,0,Anadolu2,40.37
116,134UK,UĞURMUMCU - KARTAL,134UK/UĞURMUMCU - KARTAL,1,Anadolu2,76.02
117,134YK,UĞURMUMCU - YAKACIK - KARTAL,134YK/UĞURMUMCU - YAKACIK - KARTAL,1,Anadolu2,157.97
118,135,POYRAZKÖY - KAVACIK,135/POYRAZKÖY - KAVACIK,1,Anadolu1,118.46
119,135A,ACARKENT / GÖRELE MAHALLESİ - KAVACIK,135A/ACARKENT / GÖRELE MAHALLESİ - KAVACIK,1,Anadolu1,96.54
120,135G,TOKATKÖY - ÇAVUŞBAŞI,135G/TOKATKÖY - ÇAVUŞBAŞI,1,Anadolu1,99.46
121,135K,KARLITEPE - ORTAÇEŞME,135K/KARLITEPE - ORTAÇEŞME,1,Anadolu1,66.74
122,135T,ARKBOYU - TOKATKÖY,135T/ARKBOYU - TOKATKÖY,1,Anadolu1,83.32
123,135Ç,ÇUBUKLU - KAVACIK,135Ç/ÇUBUKLU - KAVACIK,0,Anadolu1,22.13
124,136,DEĞİRMENDERE - KAVACIK,136/DEĞİRMENDERE - KAVACIK,1,Anadolu1,177.67
125,136B,TÜRK ALMAN ÜNİVERSİTESİ - KAVACIK/HEKİMBAŞI,136B/TÜRK ALMAN ÜNİVERSİTESİ - KAVACIK/HEKİMBAŞI,1,Anadolu1,102.92
126,136R,RİVA - YENİ RİVA YOLU / KAVACIK,136R/RİVA - YENİ RİVA YOLU / KAVACIK,1,Anadolu1,142.85
127,136Z,ALİ BAHADIR / ZERZEVAT - KAVACIK,136Z/ALİ BAHADIR / ZERZEVAT - KAVACIK,1,Anadolu1,149.38
128,137,CUMHURİYET KÖYÜ / RİVA - BEYKOZ / KAVACIK,137/CUMHURİYET KÖYÜ / RİVA - BEYKOZ / KAVACIK,1,Anadolu1,300.21
129,138,CUMHURİYET KÖYÜ / ÖMERLİ - ÜMRANİYE,138/CUMHURİYET KÖYÜ / ÖMERLİ - ÜMRANİYE,1,Anadolu1,209.76
130,138B,GÖLLÜ/ÖMERLİ-ÜMRANİYE,138B/GÖLLÜ/ÖMERLİ-ÜMRANİYE,1,Anadolu1,249.39
131,139,ÜSKÜDAR - ŞİLE,139/ÜSKÜDAR - ŞİLE,1,Anadolu1,322.54
132,139A,ÜSKÜDAR - ŞİLE / AĞVA,139A/ÜSKÜDAR - ŞİLE / AĞVA,1,Anadolu1,481.56
133,139D,BEREKET SİTESİ-DARLIK,139D/BEREKET SİTESİ-DARLIK,1,Anadolu1,356.74
134,139S,ÜSKÜDAR-SOFULAR KÖYÜ,139S/ÜSKÜDAR-SOFULAR KÖYÜ,1,Anadolu1,350.37
135,139T,TEPEÜSTÜ - ŞİLE,139T/TEPEÜSTÜ - ŞİLE,1,Anadolu1,278.5
136,139TA,ŞİLE-AĞVA,139TA/ŞİLE-AĞVA,0,Anadolu1,89.82
137,13AB,ALTUNİZADE - ATAŞEHİR / BOSTANCI,13AB/ALTUNİZADE - ATAŞEHİR / BOSTANCI,1,Anadolu1,89.87
138,13B,YENİŞEHİR - KADIKÖY,13B/YENİŞEHİR - KADIKÖY,1,Anadolu1,90.27
139,13H,EVTAŞ BLOKLARI - ÜMRANİYE METRO / Ü.EĞT.ARŞ.HASTANESİ,13H/EVTAŞ BLOKLARI - ÜMRANİYE METRO / Ü.EĞT.ARŞ.HASTANESİ,1,Anadolu1,63.43
140,13M,ŞERİFALİ - ÜSKÜDAR,13M/ŞERİFALİ - ÜSKÜDAR,1,Anadolu1,100.37
141,13TD,TEPEÜSTÜ - ÜSKÜDAR DEVLET HASTANESİ,13TD/TEPEÜSTÜ - ÜSKÜDAR DEVLET HASTANESİ,0,Anadolu1,55.57
142,13Y,ÇAKMAK MAHALLESİ / YENİSAHRA - KADIKÖY,13Y/ÇAKMAK MAHALLESİ / YENİSAHRA - KADIKÖY,1,Anadolu1,97.36
143,14,YENİDOĞAN/ ÜMRANİYE - KADIKÖY,14/YENİDOĞAN/ ÜMRANİYE - KADIKÖY,1,Anadolu2,133.63
144,141A,ATAKENT - MEHMET AKİF ERSOY CADDESİ,141A/ATAKENT - MEHMET AKİF ERSOY CADDESİ,1,Avrupa1,106.68
145,141K,K.S.S. HASTANESİ - MAHMUTBEY METRO,141K/K.S.S. HASTANESİ - MAHMUTBEY METRO,1,Avrupa1,77.93
146,141M,K.S.S. HASTANESİ - MECİDİYEKÖY,141M/K.S.S. HASTANESİ - MECİDİYEKÖY,1,Avrupa1,157.61
147,142,BOĞAZKÖY - AVCILAR METROBÜS,142/BOĞAZKÖY - AVCILAR METROBÜS,1,Avrupa1,91.23
148,142A,BOĞAZKÖY - AVCILAR METROBÜS,142A/BOĞAZKÖY - AVCILAR METROBÜS,1,Avrupa1,99.16
149,142B,K.S.S. HASTANESİ - BÜYÜKÇEKMECE,142B/K.S.S. HASTANESİ - BÜYÜKÇEKMECE,1,Avrupa1,157.46
150,142E,ESENYURT KİPTAŞ 4. ETAP - AKSARAY,142E/ESENYURT KİPTAŞ 4. ETAP - AKSARAY,1,Avrupa1,176.73
151,142ES,İ.Ü.CERRAHPAŞA KAMPÜS - AVCILAR METROBÜS,142ES/İ.Ü.CERRAHPAŞA KAMPÜS - AVCILAR METROBÜS,1,Avrupa1,116.25
152,142F,YEŞİLKENT - AVCILAR METROBÜS,142F/YEŞİLKENT - AVCILAR METROBÜS,1,Avrupa1,51.27
153,142K,ESENYURT KİPTAŞ 4.ETAP - AVCILAR METROBÜS,142K/ESENYURT KİPTAŞ 4.ETAP - AVCILAR METROBÜS,1,Avrupa1,35.45
154,142T,TÜYAP METROBÜS-K.S.S HASTANESİ,142T/TÜYAP METROBÜS-K.S.S HASTANESİ,1,Avrupa1,101.5
155,143,KÜÇÜKÇEKMECE - İSTOÇ,143/KÜÇÜKÇEKMECE - İSTOÇ,1,Avrupa1,116.37
156,144A,DELİKLİKAYA - AVCILAR METROBÜS,144A/DELİKLİKAYA - AVCILAR METROBÜS,1,Avrupa1,109.86
157,144B,DELİKLİKAYA -YEŞİLBAYIR KÖYÜ- YEŞİLKENT,144B/DELİKLİKAYA -YEŞİLBAYIR KÖYÜ- YEŞİLKENT,1,Avrupa1,142.2
158,144H,HEYBETLİ SOK./DELİKLİKAYA - HARAMİDERE,144H/HEYBETLİ SOK./DELİKLİKAYA - HARAMİDERE,1,Avrupa1,472.32
159,144K,HADIMKÖY KİPTAŞ 3. ETAP-ESENKENT,144K/HADIMKÖY KİPTAŞ 3. ETAP-ESENKENT,1,Avrupa1,60.02
160,144M,DELİKLİKAYA-MAHMUTBEY METRO,144M/DELİKLİKAYA-MAHMUTBEY METRO,1,Avrupa1,153.94
161,145,İHLAS MARMARA EVLERİ - AVCILAR METROBÜS,145/İHLAS MARMARA EVLERİ - AVCILAR METROBÜS,1,Avrupa1,70.36
162,145M,YEŞİLKENT / BEYKENT - TAKSİM,145M/YEŞİLKENT / BEYKENT - TAKSİM,1,Avrupa1,227.09
163,145T,BEYLİKDÜZÜ - TAKSİM,145T/BEYLİKDÜZÜ - TAKSİM,1,Avrupa1,224.8
164,146,BOĞAZKÖY / BAHÇEŞEHİR - BAKIRKÖY,146/BOĞAZKÖY / BAHÇEŞEHİR - BAKIRKÖY,1,Avrupa1,162.87
165,146A,ESENKENT - BİRLİK MAHALLESİ,146A/ESENKENT - BİRLİK MAHALLESİ,1,Avrupa1,120.24
166,146B,METROKENT-EMİNÖNÜ,146B/METROKENT-EMİNÖNÜ,1,Avrupa1,147.39
167,146BA,FENERTEPE PERON/BAŞAKŞEHİR-AVCILAR METROBÜS,146BA/FENERTEPE PERON/BAŞAKŞEHİR-AVCILAR METROBÜS,1,Avrupa1,200.32
168,146E,FENERTEPE PERON/BAŞAKŞEHİR - MECİDİYEKÖY,146E/FENERTEPE PERON/BAŞAKŞEHİR - MECİDİYEKÖY,0,Avrupa1,178.09
169,146F,FENERTEPE PERON/BAŞAKŞEHİR-BAHÇEŞEHİR,146F/FENERTEPE PERON/BAŞAKŞEHİR-BAHÇEŞEHİR,1,Avrupa1,178.67
170,146K,FENERTEPE PERON - BİRLİK MAHALLESİ,146K/FENERTEPE PERON - BİRLİK MAHALLESİ,1,Avrupa1,125.07
171,146M,MECİDİYEKÖY - METROKENT,146M/MECİDİYEKÖY - METROKENT,1,Avrupa3,154.9
172,146T,BOĞAZKÖY / BAHÇEŞEHİR - YENİKAPI,146T/BOĞAZKÖY / BAHÇEŞEHİR - YENİKAPI,1,Avrupa1,183.74
173,147,ŞAHİNTEPE - AVCILAR CİHANGİR MAHALLESİ,147/ŞAHİNTEPE - AVCILAR CİHANGİR MAHALLESİ,1,Avrupa1,132.89
174,14A,ALEMDAĞ - KADIKÖY,14A/ALEMDAĞ - KADIKÖY,1,Anadolu2,150.2
175,14AK,ALEMDAĞ - ZİVERBEY / KADIKÖY,14AK/ALEMDAĞ - ZİVERBEY / KADIKÖY,1,Anadolu2,143.96
176,14B,ADEM YAVUZ MAHALLESİ - KADIKÖY,14B/ADEM YAVUZ MAHALLESİ - KADIKÖY,1,Anadolu1,98.03
177,14BK,ÇEKMEKÖY/PARSELLER MAH-KADIKÖY,14BK/ÇEKMEKÖY/PARSELLER MAH-KADIKÖY,1,Anadolu1,102.09
178,14C,ÜSKÜDAR DEVLET HASTANESİ - KADIKÖY,14C/ÜSKÜDAR DEVLET HASTANESİ - KADIKÖY,1,Anadolu1,29.95
179,14CE,ÇEKMEKÖY - KADIKÖY,14CE/ÇEKMEKÖY - KADIKÖY,1,Anadolu2,123.93
180,14D,DUMLUPINAR / KAZIMKARABEKİR - KADIKÖY,14D/DUMLUPINAR / KAZIMKARABEKİR - KADIKÖY,1,Anadolu1,78.76
181,14DK,İNKILAP MAHALLESİ - LİBADİYE CADDESİ / KADIKÖY,14DK/İNKILAP MAHALLESİ - LİBADİYE CADDESİ / KADIKÖY,1,Anadolu1,83.87
182,14E,KAZIM KARABEKİR - KADIKÖY,14E/KAZIM KARABEKİR - KADIKÖY,1,Anadolu1,75.66
183,14ES,ESENŞEHİR - KADIKÖY,14ES/ESENŞEHİR - KADIKÖY,1,Anadolu2,125.85
184,14F,KÜPLÜCE - KADIKÖY,14F/KÜPLÜCE - KADIKÖY,1,Anadolu1,57.68
185,14FD,FERAH MAHALLESİ - ÜSKÜDAR DEVLET HASTANESİ,14FD/FERAH MAHALLESİ - ÜSKÜDAR DEVLET HASTANESİ,1,Anadolu1,41.27
186,14K,KAZIM KARABEKİR - KADIKÖY,14K/KAZIM KARABEKİR - KADIKÖY,1,Anadolu1,63.71
187,14KS,SULTANBEYLİ GÖLET - KOZYATAĞI METRO,14KS/SULTANBEYLİ GÖLET - KOZYATAĞI METRO,1,Anadolu2,126.12
188,14M,KAVACIK YENİ CAMİ - KADIKÖY,14M/KAVACIK YENİ CAMİ - KADIKÖY,1,Anadolu1,104.76
189,14R,RASATHANE - KADIKÖY,14R/RASATHANE - KADIKÖY,1,Anadolu1,78.68
190,14S,SULTANBEYLİ - KOZYATAĞI METRO,14S/SULTANBEYLİ - KOZYATAĞI METRO,1,Anadolu2,137.61
191,14T,ATATÜRK MAH./ TAŞDELEN - KOZYATAĞI METRO,14T/ATATÜRK MAH./ TAŞDELEN - KOZYATAĞI METRO,1,Anadolu2,117.5
192,14TM,TEPEÜSTÜ-MALTEPE METRO/CEVİZLİ PERONLAR,14TM/TEPEÜSTÜ-MALTEPE METRO/CEVİZLİ PERONLAR,1,Anadolu1,112.01
193,14Y,YAVUZTÜRK MAHALLESİ - KADIKÖY,14Y/YAVUZTÜRK MAHALLESİ - KADIKÖY,1,Anadolu1,55.13
194,14YE,YAVUZTÜRK MAHALLESİ / ÜMRANİYE - EMEK MAHALLESİ,14YE/YAVUZTÜRK MAHALLESİ / ÜMRANİYE - EMEK MAHALLESİ,1,Anadolu1,89.45
195,14YK,YENİDOĞAN / ŞİLE YOLU - AYRILIKÇEŞME,14YK/YENİDOĞAN / ŞİLE YOLU - AYRILIKÇEŞME,1,Anadolu2,140.04
196,14ÇK,ŞAHİNBEY - KADIKÖY,14ÇK/ŞAHİNBEY - KADIKÖY,1,Anadolu2,113.87
197,14ŞB,ŞAHİNBEY - KADIKÖY,14ŞB/ŞAHİNBEY - KADIKÖY,1,Anadolu2,121.99
198,15,BEYKOZ - ÜSKÜDAR,15/BEYKOZ - ÜSKÜDAR,1,Anadolu1,101.93
199,150,HACIOSMAN METRO - RUMELİFENERİ,150/HACIOSMAN METRO - RUMELİFENERİ,1,Avrupa3,103.55
200,151,HACIOSMAN METRO - KİLYOS / DEMİRCİKÖY,151/HACIOSMAN METRO - KİLYOS / DEMİRCİKÖY,1,Avrupa3,97.07
201,152,HACIOSMAN METRO - ZEKERİYAKÖY / KISIRKAYA,152/HACIOSMAN METRO - ZEKERİYAKÖY / KISIRKAYA,1,Avrupa3,115.74
202,153,BAHÇEKÖY - SARIYER,153/BAHÇEKÖY - SARIYER,1,Avrupa3,45.31
203,154,HACIOSMAN METRO - KOÇ ÜNİVERSİTESİ,154/HACIOSMAN METRO - KOÇ ÜNİVERSİTESİ,1,Avrupa3,64.41
204,15A,ANADOLUKAVAĞI - KAVACIK,15A/ANADOLUKAVAĞI - KAVACIK,1,Anadolu1,103.37
205,15B,TOPAĞACI MAHALLESİ / GÜZELTEPE - ÜSKÜDAR,15B/TOPAĞACI MAHALLESİ / GÜZELTEPE - ÜSKÜDAR,1,Anadolu1,69.54
206,15BK,DERESEKİ / BEYKOZ - KADIKÖY,15BK/DERESEKİ / BEYKOZ - KADIKÖY,1,Anadolu1,174.09
207,15C,BÜYÜK ÇAMLICA CAMİİ/FERAH MAHALLESİ - ÜSKÜDAR,15C/BÜYÜK ÇAMLICA CAMİİ/FERAH MAHALLESİ - ÜSKÜDAR,1,Anadolu1,40.92
208,15CA,BÜYÜK ÇAMLICA CAMİİ / BULGURLU METRO - GÖZTEPE KÖPRÜSÜ,15CA/BÜYÜK ÇAMLICA CAMİİ / BULGURLU METRO - GÖZTEPE KÖPRÜSÜ,1,Anadolu1,26.56
209,15D,ANADOLUFENERİ /KAYNARCA / DERESEKİ - KAVACIK,15D/ANADOLUFENERİ /KAYNARCA / DERESEKİ - KAVACIK,1,Anadolu1,128.23
210,15E,TEKKE MEVKİİ - ÜSKÜDAR,15E/TEKKE MEVKİİ - ÜSKÜDAR,1,Anadolu1,81.91
211,15F,BEYKOZ - KADIKÖY,15F/BEYKOZ - KADIKÖY,1,Anadolu1,138.14
212,15H,HEKİMBAŞI - ÜSKÜDAR,15H/HEKİMBAŞI - ÜSKÜDAR,1,Anadolu1,63.07
213,15K,KİRAZLITEPE - ÜSKÜDAR,15K/KİRAZLITEPE - ÜSKÜDAR,1,Anadolu1,31.52
214,15KB,KAVACIK - KOZYATAĞI METRO,15KB/KAVACIK - KOZYATAĞI METRO,0,Anadolu1,84.01
215,15KÇ,KARANLIKDERE / ÇAVUŞBAŞI - ÜSKÜDAR,15KÇ/KARANLIKDERE / ÇAVUŞBAŞI - ÜSKÜDAR,1,Anadolu1,132.26
216,15M,KAVACIK YENİ CAMİ - ÜSKÜDAR,15M/KAVACIK YENİ CAMİ - ÜSKÜDAR,1,Anadolu1,76.86
217,15N,ARKBOYU - ÜSKÜDAR,15N/ARKBOYU - ÜSKÜDAR,1,Anadolu1,60.15
218,15P,SOĞUKSU MAHALLESİ - ÜSKÜDAR,15P/SOĞUKSU MAHALLESİ - ÜSKÜDAR,1,Anadolu1,100.42
219,15R,RASATHANE - ÜSKÜDAR,15R/RASATHANE - ÜSKÜDAR,1,Anadolu1,46.5
220,15S,SULTANMURAT - ÜSKÜDAR,15S/SULTANMURAT - ÜSKÜDAR,1,Anadolu1,40.4
221,15SD,SULTANİYE-DUDULLU İMES,15SD/SULTANİYE-DUDULLU İMES,1,Anadolu1,110.45
222,15SK,SULTANMURAT - KADIKÖY,15SK/SULTANMURAT - KADIKÖY,1,Anadolu1,74.47
223,15T,TOKATKÖY - ÜSKÜDAR,15T/TOKATKÖY - ÜSKÜDAR,1,Anadolu1,105.98
224,15TA,TÜRK ALMAN ÜNİVERSİTESİ-KAVACIK,15TA/TÜRK ALMAN ÜNİVERSİTESİ-KAVACIK,1,Anadolu1,59.47
225,15TK,TOKATKÖY-KADIKÖY,15TK/TOKATKÖY-KADIKÖY,1,Anadolu1,163.08
226,15TY,TOKATKÖY / BEYKOZ - YENİMAHALLE,15TY/TOKATKÖY / BEYKOZ - YENİMAHALLE,1,Anadolu1,95.76
227,15U,TUFAN MAHALLESİ - ÜSKÜDAR,15U/TUFAN MAHALLESİ - ÜSKÜDAR,1,Anadolu1,42.26
228,15Y,YENİMAHALLE - ÜSKÜDAR,15Y/YENİMAHALLE - ÜSKÜDAR,1,Anadolu1,66.38
229,15YK,YENİMAHALLE - KADIKÖY,15YK/YENİMAHALLE - KADIKÖY,1,Anadolu1,130.28
230,15Z,GÜZELTEPE - ÜSKÜDAR,15Z/GÜZELTEPE - ÜSKÜDAR,1,Anadolu1,43.59
231,15ÇB,KAVACIK - ÇAVUŞBAŞI / ÇENGELDERE,15ÇB/KAVACIK - ÇAVUŞBAŞI / ÇENGELDERE,1,Anadolu1,55.55
232,15ÇK,GÜZELTEPE - KADIKÖY,15ÇK/GÜZELTEPE - KADIKÖY,1,Anadolu1,95.71
233,15ŞN,ŞENEVLER - ÜSKÜDAR,15ŞN/ŞENEVLER - ÜSKÜDAR,1,Anadolu1,74.58
234,16,PENDİK - KADIKÖY,16/PENDİK - KADIKÖY,1,Anadolu2,137.17
235,16A,PENDİK - ÜSKÜDAR,16A/PENDİK - ÜSKÜDAR,1,Anadolu2,155.97
236,16B,KARTAL METRO / TOPSELVİ - KADIKÖY,16B/KARTAL METRO / TOPSELVİ - KADIKÖY,0,Anadolu2,149.04
237,16C,HİLAL KONUTLARI - KADIKÖY,16C/HİLAL KONUTLARI - KADIKÖY,0,Anadolu2,169.55
238,16D,ALTKAYNARCA / PENDİK - KADIKÖY,16D/ALTKAYNARCA / PENDİK - KADIKÖY,1,Anadolu2,142.26
239,16F,FINDIKLI MAHALLESİ - HAREM,16F/FINDIKLI MAHALLESİ - HAREM,1,Anadolu1,88.36
240,16FK,FINDIKLI MAHALLESİ - KOZYATAĞI METRO,16FK/FINDIKLI MAHALLESİ - KOZYATAĞI METRO,0,Anadolu1,40.77
241,16KH,YENİŞEHİR / MARMARA ÜNİV. HASTANESİ - KADIKÖY,16KH/YENİŞEHİR / MARMARA ÜNİV. HASTANESİ - KADIKÖY,1,Anadolu2,191.92
242,16M,ACARLAR SİTESİ / ATAŞEHİR - ÜSKÜDAR,16M/ACARLAR SİTESİ / ATAŞEHİR - ÜSKÜDAR,1,Anadolu1,87.08
243,16S,S. G. HAVALİMANI - UZUNÇAYIR METROBÜS/HAREM PERONLAR,16S/S. G. HAVALİMANI - UZUNÇAYIR METROBÜS/HAREM PERONLAR,1,Anadolu2,195.21
244,16U,UĞURMUMCU - ÜSKÜDAR,16U/UĞURMUMCU - ÜSKÜDAR,1,Anadolu2,153.35
245,16Y,PENDİK YHT İSTASYONU - KADIKÖY,16Y/PENDİK YHT İSTASYONU - KADIKÖY,0,Anadolu2,135.88
246,16YK,Y.TEPE ÜNİV. / FINDIKLI MAHALLESİ - KOZYATAĞI METRO,16YK/Y.TEPE ÜNİV. / FINDIKLI MAHALLESİ - KOZYATAĞI METRO,1,Anadolu1,39.42
247,16Z,ÇAMLIK / KARTAL CEZAEVİ - KADIKÖY,16Z/ÇAMLIK / KARTAL CEZAEVİ - KADIKÖY,0,Anadolu2,190.44
248,17,PENDİK - KADIKÖY,17/PENDİK - KADIKÖY,1,Anadolu2,135.7
249,17B,GEBZE - KARTAL METRO,17B/GEBZE - KARTAL METRO,0,Anadolu2,142.69
250,17K,KAVAKPINAR - KADIKÖY,17K/KAVAKPINAR - KADIKÖY,0,Anadolu2,179.91
251,17L,KÜÇÜKYALI LOJMANLARI - KADIKÖY,17L/KÜÇÜKYALI LOJMANLARI - KADIKÖY,1,Anadolu1,81.15
252,17P,TUZLA EMLAK KONUTLARI - UZUNÇAYIR METROBÜS/HAREM PERONLAR,17P/TUZLA EMLAK KONUTLARI - UZUNÇAYIR METROBÜS/HAREM PERONLAR,0,Anadolu2,185.88
253,17S,UĞURMUMCU - BOSTANCI,17S/UĞURMUMCU - BOSTANCI,1,Anadolu2,105.0
254,18,SULTANBEYLİ - UZUNÇAYIR METROBÜS/ ÜSKÜDAR,18/SULTANBEYLİ - UZUNÇAYIR METROBÜS/ ÜSKÜDAR,1,Anadolu2,165.62
255,18A,SULTANBEYLİ - ACIBADEM METRO,18A/SULTANBEYLİ - ACIBADEM METRO,1,Anadolu2,138.13
256,18D,SULTANBEYLİ - KADIKÖY,18D/SULTANBEYLİ - KADIKÖY,1,Anadolu2,152.97
257,18E,YENİDOĞAN / SAMANDIRA - KADIKÖY,18E/YENİDOĞAN / SAMANDIRA - KADIKÖY,1,Anadolu2,154.36
258,18F,VEYSEL KARANİ / FATİH MAH. - KADIKÖY,18F/VEYSEL KARANİ / FATİH MAH. - KADIKÖY,1,Anadolu2,164.65
259,18K,SULTANBEYLİ GÖLET - KADIKÖY,18K/SULTANBEYLİ GÖLET - KADIKÖY,1,Anadolu2,152.97
260,18M,SULTANBEYLİ MİMARSİNAN - UZUNÇAYIR METROBÜS,18M/SULTANBEYLİ MİMARSİNAN - UZUNÇAYIR METROBÜS,1,Anadolu2,136.52
261,18UK,UZUNDERE-KOZYATAĞI,18UK/UZUNDERE-KOZYATAĞI,1,Anadolu2,127.81
262,18V,VEYSEL KARANİ / SAMANDIRA - KADIKÖY,18V/VEYSEL KARANİ / SAMANDIRA - KADIKÖY,1,Anadolu2,135.91
263,18Y,YENİDOĞAN / SAMANDIRA - ÜSKÜDAR,18Y/YENİDOĞAN / SAMANDIRA - ÜSKÜDAR,1,Anadolu2,199.71
264,18YS,YENİDOĞAN-SULTANBEYLİ,18YS/YENİDOĞAN-SULTANBEYLİ,1,Anadolu2,122.81
265,18Ü,SULTANBEYLİ - ÜSKÜDAR,18Ü/SULTANBEYLİ - ÜSKÜDAR,1,Anadolu2,177.12
266,19,FERHATPAŞA / YEDİTEPE ÜNİVERSİTESİ - KADIKÖY,19/FERHATPAŞA / YEDİTEPE ÜNİVERSİTESİ - KADIKÖY,1,Anadolu1,95.34
267,19A,YENİDOĞAN - AYRILIKÇEŞME,19A/YENİDOĞAN - AYRILIKÇEŞME,1,Anadolu2,133.25
268,19B,BAŞIBÜYÜK MAHALLESİ - KADIKÖY,19B/BAŞIBÜYÜK MAHALLESİ - KADIKÖY,1,Anadolu1,93.29
269,19D,ÜMRANİYE - BOSTANCI,19D/ÜMRANİYE - BOSTANCI,1,Anadolu1,92.65
270,19E,YENİDOĞAN/ ATAŞEHİR - KOZYATAĞI METRO,19E/YENİDOĞAN/ ATAŞEHİR - KOZYATAĞI METRO,1,Anadolu2,97.17
271,19EK,YENİDOĞAN/ ATAŞEHİR - KADIKÖY,19EK/YENİDOĞAN/ ATAŞEHİR - KADIKÖY,1,Anadolu2,142.5
272,19ES,ESENŞEHİR - KADIKÖY,19ES/ESENŞEHİR - KADIKÖY,1,Anadolu2,106.8
273,19F,YEDİTEPE ÜNİV. / FINDIKLI MAHALLESİ - KADIKÖY,19F/YEDİTEPE ÜNİV. / FINDIKLI MAHALLESİ - KADIKÖY,1,Anadolu1,74.58
274,19FB,FINDIKLI MAHALLESİ - BOSTANCI,19FB/FINDIKLI MAHALLESİ - BOSTANCI,1,Anadolu1,72.05
275,19FK,FINDIKLI MAHALLESİ - AYRILIKÇEŞME,19FK/FINDIKLI MAHALLESİ - AYRILIKÇEŞME,1,Anadolu1,77.53
276,19FS,FERHATPAŞA - SOYAK YENİŞEHİR,19FS/FERHATPAŞA - SOYAK YENİŞEHİR,1,Anadolu1,96.12
277,19H,MALTEPE ÜNİVERSİTESİ - KADIKÖY,19H/MALTEPE ÜNİVERSİTESİ - KADIKÖY,0,Anadolu1,108.28
278,19K,ACARLAR SİTESİ / KAYIŞDAĞI - KADIKÖY,19K/ACARLAR SİTESİ / KAYIŞDAĞI - KADIKÖY,1,Anadolu1,73.4
279,19M,ACARLAR SİTESİ / ATAŞEHİR - KADIKÖY,19M/ACARLAR SİTESİ / ATAŞEHİR - KADIKÖY,1,Anadolu1,73.85
280,19S,YENİDOĞAN / SARIGAZİ - KADIKÖY,19S/YENİDOĞAN / SARIGAZİ - KADIKÖY,1,Anadolu2,139.99
281,19SB,SULTANBEYLİ - BOSTANCI,19SB/SULTANBEYLİ - BOSTANCI,1,Anadolu2,143.86
282,19T,FERHATPAŞA - KADIKÖY,19T/FERHATPAŞA - KADIKÖY,1,Anadolu1,90.03
283,19V,VEYSEL KARANİ / SAMANDIRA - KOZYATAĞI METRO,19V/VEYSEL KARANİ / SAMANDIRA - KOZYATAĞI METRO,1,Anadolu2,116.19
284,19Y,FERHATPAŞA - KADIKÖY,19Y/FERHATPAŞA - KADIKÖY,1,Anadolu1,87.69
285,19YK,YENİDOĞAN-KAYIŞDAĞI,19YK/YENİDOĞAN-KAYIŞDAĞI,1,Anadolu2,93.17
286,19Z,ZÜMRÜTEVLER - KADIKÖY,19Z/ZÜMRÜTEVLER - KADIKÖY,1,Anadolu1,113.08
287,2,BOSTANCI - HAREM,2/BOSTANCI - HAREM,1,Anadolu1,90.37
288,20,ORTAÇEŞME / KAVACIK - Ü.EĞT.ARŞ.HASTANESİ,20/ORTAÇEŞME / KAVACIK - Ü.EĞT.ARŞ.HASTANESİ,1,Anadolu1,137.96
289,202,BOSTANCI - TAKSİM,202/BOSTANCI - TAKSİM,0,Anadolu1,114.9
290,20D,SARIGAZİ/YENİŞEHİR-KADIKÖY,20D/SARIGAZİ/YENİŞEHİR-KADIKÖY,1,Anadolu2,112.26
291,20E,ESATPAŞA - KADIKÖY,20E/ESATPAŞA - KADIKÖY,1,Anadolu1,55.18
292,20K,KAZIM KARABEKİR - KADIKÖY,20K/KAZIM KARABEKİR - KADIKÖY,1,Anadolu1,81.11
293,20Ü,ÜMRANİYE TEPEÜSTÜ - KADIKÖY,20Ü/ÜMRANİYE TEPEÜSTÜ - KADIKÖY,1,Anadolu1,75.15
294,21A,KARTAL - KADIKÖY,21A/KARTAL - KADIKÖY,0,Anadolu2,117.31
295,21B,BATI ATAŞEHİR / KÜÇÜKBAKKALKÖY - KADIKÖY,21B/BATI ATAŞEHİR / KÜÇÜKBAKKALKÖY - KADIKÖY,0,Anadolu1,90.93
296,21C,ESENKENT - KADIKÖY,21C/ESENKENT - KADIKÖY,0,Anadolu1,101.65
297,21G,GÜLENSU MAHALLESİ - KADIKÖY,21G/GÜLENSU MAHALLESİ - KADIKÖY,0,Anadolu1,94.29
298,21K,KURFALI - KADIKÖY,21K/KURFALI - KADIKÖY,0,Anadolu2,127.04
299,21M,GÜLENSU MAHALLESİ - MALTEPE SAHİL,21M/GÜLENSU MAHALLESİ - MALTEPE SAHİL,0,Anadolu1,10.0
300,21U,UĞURMUMCU - KADIKÖY,21U/UĞURMUMCU - KADIKÖY,0,Anadolu2,140.93
301,21Y,BATI ATAŞEHİR / YENİSAHRA - KADIKÖY,21Y/BATI ATAŞEHİR / YENİSAHRA - KADIKÖY,0,Anadolu1,71.85
302,22,İSTİNYE DEREİÇİ - KABATAŞ,22/İSTİNYE DEREİÇİ - KABATAŞ,1,Avrupa3,78.1
303,222,PENDİK - KADIKÖY,222/PENDİK - KADIKÖY,0,Anadolu2,137.88
304,22B,BEBEK - KABATAŞ,22B/BEBEK - KABATAŞ,1,Avrupa3,39.46
305,22M,İSTİNYE İSKELE-MASLAK,22M/İSTİNYE İSKELE-MASLAK,0,Avrupa3,26.87
306,22RE,FATİH SULTAN MEHMET - BEŞİKTAŞ,22RE/FATİH SULTAN MEHMET - BEŞİKTAŞ,1,Avrupa3,85.44
307,25,HACIOSMAN METRO - HAVANTEPE,25/HACIOSMAN METRO - HAVANTEPE,1,Avrupa3,39.45
308,251,PENDİK - MECİDİYEKÖY,251/PENDİK - MECİDİYEKÖY,1,Anadolu2,176.77
309,252,KARTAL - MECİDİYEKÖY / ŞİŞLİ,252/KARTAL - MECİDİYEKÖY / ŞİŞLİ,1,Anadolu2,162.63
310,256,YEDİTEPE ÜNİVERSİTESİ / ATAŞEHİR - TAKSİM,256/YEDİTEPE ÜNİVERSİTESİ / ATAŞEHİR - TAKSİM,1,Anadolu1,144.35
311,25A,RUMELİKAVAĞI - HACIOSMAN METRO,25A/RUMELİKAVAĞI - HACIOSMAN METRO,1,Avrupa3,51.26
312,25C,TARABYAÜSTÜ / FERAHEVLER - İSTİNYE,25C/TARABYAÜSTÜ / FERAHEVLER - İSTİNYE,1,Avrupa3,41.46
313,25E,SARIYER - KABATAŞ,25E/SARIYER - KABATAŞ,1,Avrupa3,121.46
314,25G,SARIYER - TAKSİM,25G/SARIYER - TAKSİM,1,Avrupa3,105.83
315,25S1,HACIOSMAN METRO-SARIYER,25S1/HACIOSMAN METRO-SARIYER,0,Avrupa3,33.83
316,25S2,HACIOSMAN METRO-SARIYER,25S2/HACIOSMAN METRO-SARIYER,0,Avrupa3,29.23
317,25T,SARIYER - TAKSİM,25T/SARIYER - TAKSİM,0,Avrupa3,101.03
318,25Y,HACIOSMAN METRO - YENİ UYUM SİTESİ,25Y/HACIOSMAN METRO - YENİ UYUM SİTESİ,1,Avrupa3,59.72
319,26,DİKİLİTAŞ - EMİNÖNÜ,26/DİKİLİTAŞ - EMİNÖNÜ,1,Avrupa3,50.76
320,26A,FULYA MAHALLESİ - EMİNÖNÜ,26A/FULYA MAHALLESİ - EMİNÖNÜ,1,Avrupa3,51.98
321,26B,FULYA MAHALLESİ - KABATAŞ,26B/FULYA MAHALLESİ - KABATAŞ,1,Avrupa3,60.14
322,27E,ŞİRİNTEPE - KABATAŞ,27E/ŞİRİNTEPE - KABATAŞ,1,Avrupa3,46.23
323,27SE,SEYRANTEPE - KABATAŞ,27SE/SEYRANTEPE - KABATAŞ,1,Avrupa3,57.14
324,27T,ŞİRİNTEPE - ŞİŞLİ,27T/ŞİRİNTEPE - ŞİŞLİ,1,Avrupa3,34.94
325,28,TOPKAPI / EDİRNEKAPI - BEŞİKTAŞ,28/TOPKAPI / EDİRNEKAPI - BEŞİKTAŞ,1,Avrupa2,59.5
326,28T,TOPKAPI - BEŞİKTAŞ,28T/TOPKAPI - BEŞİKTAŞ,1,Avrupa2,52.83
327,29,İSTİNYE DEREİÇİ - ZİNCİRLİKUYU METROBÜS,29/İSTİNYE DEREİÇİ - ZİNCİRLİKUYU METROBÜS,1,Avrupa3,43.78
328,29A,DERBENT MAHALLESİ - BEŞİKTAŞ,29A/DERBENT MAHALLESİ - BEŞİKTAŞ,1,Avrupa3,58.13
329,29B,FATİH SULTAN MEHMET - 4.LEVENT METRO,29B/FATİH SULTAN MEHMET - 4.LEVENT METRO,1,Avrupa3,51.56
330,29C,TARABYAÜSTÜ - KABATAŞ,29C/TARABYAÜSTÜ - KABATAŞ,1,Avrupa3,84.74
331,29D,FERAHEVLER - KABATAŞ,29D/FERAHEVLER - KABATAŞ,1,Avrupa3,85.74
332,29E,MASLAK GAZETECİLER SİTESİ - BEŞİKTAŞ,29E/MASLAK GAZETECİLER SİTESİ - BEŞİKTAŞ,1,Avrupa3,64.0
333,29GM,MASLAK GAZETECİLER SİTESİ - 4.LEVENT METRO,29GM/MASLAK GAZETECİLER SİTESİ - 4.LEVENT METRO,1,Avrupa3,36.77
334,29M1,HACIOSMAN METRO - FERAHEVLER / İSTİNYE,29M1/HACIOSMAN METRO - FERAHEVLER / İSTİNYE,0,Avrupa3,32.56
335,29M2,HACIOSMAN METRO - İSTİNYE / FERAHEVLER,29M2/HACIOSMAN METRO - İSTİNYE / FERAHEVLER,0,Avrupa3,34.82
336,29P,POLİGON MAHALLESİ - ZİNCİRLİKUYU METROBÜS,29P/POLİGON MAHALLESİ - ZİNCİRLİKUYU METROBÜS,1,Avrupa3,37.75
337,29T,TARABYAÜSTÜ / DARÜŞŞAFAKA - İSTİNYE,29T/TARABYAÜSTÜ / DARÜŞŞAFAKA - İSTİNYE,1,Avrupa3,45.04
338,29Ş,İSTİNYE DEREİÇİ - ŞİŞLİ,29Ş/İSTİNYE DEREİÇİ - ŞİŞLİ,1,Avrupa3,65.68
339,3,BURHANİYE MAHALLESİ - KADIKÖY,3/BURHANİYE MAHALLESİ - KADIKÖY,1,Anadolu1,52.53
340,300,TÜYAP - SİLİVRİ,300/TÜYAP - SİLİVRİ,1,Avrupa1,183.58
341,300G,TÜYAP-GÜMÜŞYAKA,300G/TÜYAP-GÜMÜŞYAKA,1,Avrupa1,260.41
342,303,SİLİVRİ - YENİBOSNA METRO,303/SİLİVRİ - YENİBOSNA METRO,0,Avrupa1,287.92
343,303A,SİLİVRİ - AVCILAR METROBÜS,303A/SİLİVRİ - AVCILAR METROBÜS,1,Avrupa1,231.54
344,303B,SİLİVRİ CEZAEVİ - OTOGAR,303B/SİLİVRİ CEZAEVİ - OTOGAR,1,Avrupa1,402.71
345,303C,SİLİVRİ CEZAEVİ - AVCILAR,303C/SİLİVRİ CEZAEVİ - AVCILAR,0,Avrupa1,289.06
346,30A,BEŞİKTAŞ - MECİDİYEKÖY,30A/BEŞİKTAŞ - MECİDİYEKÖY,1,Avrupa3,26.88
347,30D,ORTAKÖY DEREBOYU - YENİKAPI,30D/ORTAKÖY DEREBOYU - YENİKAPI,1,Avrupa3,65.33
348,30G,BEŞİKTAŞ-TAKSİM-KARAKÖY,30G/BEŞİKTAŞ-TAKSİM-KARAKÖY,0,Avrupa3,39.17
349,30M,BEŞİKTAŞ - MECİDİYEKÖY,30M/BEŞİKTAŞ - MECİDİYEKÖY,1,Avrupa3,19.32
350,31,KUYUMCUKENT - YENİKAPI,31/KUYUMCUKENT - YENİKAPI,1,Avrupa1,89.21
351,319,KAYIŞDAĞI - KADIKÖY,319/KAYIŞDAĞI - KADIKÖY,1,Anadolu1,86.36
352,31E,KUYUMCUKENT - EMİNÖNÜ,31E/KUYUMCUKENT - EMİNÖNÜ,1,Avrupa1,101.83
353,31K,KUYUMCUKENT-ŞİRİNEVLER,31K/KUYUMCUKENT-ŞİRİNEVLER,1,Avrupa1,19.68
354,31Y,TOKİ AYAZMA - YENİKAPI,31Y/TOKİ AYAZMA - YENİKAPI,1,Avrupa1,111.93
355,32,CEVATPAŞA - EMİNÖNÜ,32/CEVATPAŞA - EMİNÖNÜ,1,Avrupa2,78.96
356,320,FERHATPAŞA - ÜMRANİYE METRO/ÇAMLICA CAMİİ,320/FERHATPAŞA - ÜMRANİYE METRO/ÇAMLICA CAMİİ,1,Anadolu1,88.44
357,320A,SULTANBEYLİ MİMARSİNAN / SAMANDIRA - ÜSKÜDAR,320A/SULTANBEYLİ MİMARSİNAN / SAMANDIRA - ÜSKÜDAR,1,Anadolu2,156.44
358,320Y,YENİDOĞAN - KOZYATAĞI METRO,320Y/YENİDOĞAN - KOZYATAĞI METRO,1,Anadolu2,110.09
359,32A,CEVATPAŞA - AKSARAY,32A/CEVATPAŞA - AKSARAY,1,Avrupa2,58.83
360,32M,CEVATPAŞA - MECİDİYEKÖY,32M/CEVATPAŞA - MECİDİYEKÖY,1,Avrupa2,75.44
361,32T,CEVATPAŞA - TAKSİM,32T/CEVATPAŞA - TAKSİM,1,Avrupa2,88.87
362,33,GİYİMKENT / TURGUTREİS - EMİNÖNÜ,33/GİYİMKENT / TURGUTREİS - EMİNÖNÜ,1,Avrupa2,97.22
363,336,ARNAVUTKÖY - EMİNÖNÜ,336/ARNAVUTKÖY - EMİNÖNÜ,1,Avrupa2,172.0
364,336A,BALABAN KÖYÜ - MESCİDİ SELAM,336A/BALABAN KÖYÜ - MESCİDİ SELAM,1,Avrupa2,206.53
365,336E,SULTANÇİFTLİĞİ - EMİNÖNÜ,336E/SULTANÇİFTLİĞİ - EMİNÖNÜ,1,Avrupa2,93.56
366,336G,TAŞOLUK PERON - TEKSTİLKENT METRO,336G/TAŞOLUK PERON - TEKSTİLKENT METRO,1,Avrupa2,117.88
367,336H,HADIMKÖY - MESCİDİ SELAM,336H/HADIMKÖY - MESCİDİ SELAM,1,Avrupa2,166.47
368,336K,YENİKÖY / KARABURUN - MESCİDİ SELAM,336K/YENİKÖY / KARABURUN - MESCİDİ SELAM,1,Avrupa2,213.84
369,336M,ARNAVUTKÖY - MECİDİYEKÖY,336M/ARNAVUTKÖY - MECİDİYEKÖY,1,Avrupa2,175.84
370,336MC,BOLLUCA / İMRAHOR - CEBECİ,336MC/BOLLUCA / İMRAHOR - CEBECİ,1,Avrupa2,134.0
371,336T,TAŞOLUK MAHALLESİ- CEBECİ,336T/TAŞOLUK MAHALLESİ- CEBECİ,1,Avrupa2,132.05
372,336Y,CEBECİ - YENİKAPI MARMARAY,336Y/CEBECİ - YENİKAPI MARMARAY,1,Avrupa2,101.88
373,33B,GİYİMKENT / BİRLİK MAHALLESİ - EMİNÖNÜ,33B/GİYİMKENT / BİRLİK MAHALLESİ - EMİNÖNÜ,1,Avrupa2,107.92
374,33D,ESENLER BİLİM PARKI - EMİNÖNÜ,33D/ESENLER BİLİM PARKI - EMİNÖNÜ,0,Avrupa2,60.95
375,33E,ESENLER METRO - YENİKAPI,33E/ESENLER METRO - YENİKAPI,1,Avrupa2,79.63
376,33ES,GİYİMKENT - EMİNÖNÜ,33ES/GİYİMKENT - EMİNÖNÜ,1,Avrupa2,76.56
377,33M,GİYİMKENT - MECİDİYEKÖY,33M/GİYİMKENT - MECİDİYEKÖY,1,Avrupa2,104.9
378,33TE,ESENLER TURGUTREİS - EMİNÖNÜ,33TE/ESENLER TURGUTREİS - EMİNÖNÜ,1,Avrupa2,85.31
379,33TM,GİYİMKENT / TURGUTREİS - MECİDİYEKÖY,33TM/GİYİMKENT / TURGUTREİS - MECİDİYEKÖY,1,Avrupa2,88.25
380,33Y,GİYİMKENT / YÜZYIL MAHALLESİ - EMİNÖNÜ,33Y/GİYİMKENT / YÜZYIL MAHALLESİ - EMİNÖNÜ,1,Avrupa2,100.14
381,34,AVCILAR-ZİNCİRLİKUYU,34/AVCILAR-ZİNCİRLİKUYU,1,Metrobüs,144.26
382,34-1,AVCILAR-ZİNCİRLİKUYU,34-1/AVCILAR-ZİNCİRLİKUYU,0,Avrupa2,10.0
383,34-2,AVCILAR-ZİNCİRLİKUYU,34-2/AVCILAR-ZİNCİRLİKUYU,0,Avrupa2,10.0
384,34-3,AVCILAR-ZİNCİRLİKUYU,34-3/AVCILAR-ZİNCİRLİKUYU,0,Avrupa2,10.0
385,34A,CEVİZLİBAĞ - SÖĞÜTLÜÇEŞME,34A/CEVİZLİBAĞ - SÖĞÜTLÜÇEŞME,1,Metrobüs,109.43
386,34A-1,CEVİZLİBAĞ-SÖĞÜTLÜÇEŞME,34A-1/CEVİZLİBAĞ-SÖĞÜTLÜÇEŞME,0,Avrupa2,10.0
387,34A-2,CEVİZLİBAĞ-SÖĞÜTLÜÇEŞME,34A-2/CEVİZLİBAĞ-SÖĞÜTLÜÇEŞME,0,Avrupa2,10.0
388,34A-3,CEVİZLİBAĞ-SÖĞÜTLÜÇEŞME,34A-3/CEVİZLİBAĞ-SÖĞÜTLÜÇEŞME,0,Avrupa2,10.0
389,34AS,AVCILAR - SÖĞÜTLÜÇEŞME,34AS/AVCILAR - SÖĞÜTLÜÇEŞME,1,Metrobüs,198.81
390,34AS-1,AVCILAR - SÖĞÜTLÜÇEŞME,34AS-1/AVCILAR - SÖĞÜTLÜÇEŞME,0,Avrupa2,10.0
391,34AS-2,AVCILAR - SÖĞÜTLÜÇEŞME,34AS-2/AVCILAR - SÖĞÜTLÜÇEŞME,0,Avrupa2,10.0
392,34AS-3,AVCILAR - SÖĞÜTLÜÇEŞME,34AS-3/AVCILAR - SÖĞÜTLÜÇEŞME,0,Avrupa2,10.0
393,34B,BEYLİKDÜZÜ-AVCILAR,34B/BEYLİKDÜZÜ-AVCILAR,1,Metrobüs,47.74
394,34B-1,BEYLİKDÜZÜ-AVCILAR,34B-1/BEYLİKDÜZÜ-AVCILAR,0,Avrupa2,10.0
395,34BZ,BEYLİKDÜZÜ - ZİNCİRLİKUYU,34BZ/BEYLİKDÜZÜ - ZİNCİRLİKUYU,1,Metrobüs,189.73
396,34BZ-1,BEYLİKDÜZÜ - ZİNCİRLİKUYU,34BZ-1/BEYLİKDÜZÜ - ZİNCİRLİKUYU,0,Avrupa2,10.0
397,34BZ-2,BEYLİKDÜZÜ - ZİNCİRLİKUYU,34BZ-2/BEYLİKDÜZÜ - ZİNCİRLİKUYU,0,Avrupa2,10.0
398,34BZ-3,BEYLİKDÜZÜ - ZİNCİRLİKUYU,34BZ-3/BEYLİKDÜZÜ - ZİNCİRLİKUYU,0,Avrupa2,10.0
399,34C,BEYLİKDÜZÜ-CEVİZLİBAĞ,34C/BEYLİKDÜZÜ-CEVİZLİBAĞ,1,Metrobüs,139.55
400,34C-1,BEYLİKDÜZÜ-CEVİZLİBAĞ,34C-1/BEYLİKDÜZÜ-CEVİZLİBAĞ,0,Metrobüs,10.0
401,34C-3,BEYLİKDÜZÜ-CEVİZLİBAĞ,34C-3/BEYLİKDÜZÜ-CEVİZLİBAĞ,0,Metrobüs,10.0
402,34G,BEYLİKDÜZÜ-SÖĞÜTLÜÇEŞME,34G/BEYLİKDÜZÜ-SÖĞÜTLÜÇEŞME,1,Metrobüs,244.28
403,34G-1,BEYLİKDÜZÜ - SÖĞÜTLÜÇEŞME,34G-1/BEYLİKDÜZÜ - SÖĞÜTLÜÇEŞME,0,Avrupa2,10.0
404,34G-2,BEYLİKDÜZÜ - SÖĞÜTLÜÇEŞME,34G-2/BEYLİKDÜZÜ - SÖĞÜTLÜÇEŞME,0,Avrupa2,10.0
405,34G-3,BEYLİKDÜZÜ - SÖĞÜTLÜÇEŞME,34G-3/BEYLİKDÜZÜ - SÖĞÜTLÜÇEŞME,0,Avrupa2,10.0
406,34T,AVCILAR -TOPKAPI,34T/AVCILAR -TOPKAPI,1,Metrobüs,94.08
407,34U,ZİNCİRLİKUYU-UZUNÇAYIR,34U/ZİNCİRLİKUYU-UZUNÇAYIR,1,Metrobüs,44.93
408,34Z,ZİNCİRLİKUYU-SÖĞÜTLÜÇEŞME,34Z/ZİNCİRLİKUYU-SÖĞÜTLÜÇEŞME,1,Metrobüs,54.55
409,34Z-1,ZİNCİRLİKUYU-SÖĞÜTLÜÇEŞME,34Z-1/ZİNCİRLİKUYU-SÖĞÜTLÜÇEŞME,0,Avrupa2,10.0
410,34Z-2,ZİNCİRLİKUYU-SÖĞÜTLÜÇEŞME,34Z-2/ZİNCİRLİKUYU-SÖĞÜTLÜÇEŞME,0,Avrupa2,10.0
411,34Z-3,ZİNCİRLİKUYU-SÖĞÜTLÜÇEŞME,34Z-3/ZİNCİRLİKUYU-SÖĞÜTLÜÇEŞME,0,Avrupa2,10.0
412,35,KOCAMUSTAFAPAŞA - EMİNÖNÜ,35/KOCAMUSTAFAPAŞA - EMİNÖNÜ,1,Avrupa2,29.82
413,35A,KOCAMUSTAFAPAŞA - AKSARAY,35A/KOCAMUSTAFAPAŞA - AKSARAY,1,Avrupa2,10.7
414,35C,KOCAMUSTAFAPAŞA - TAKSİM,35C/KOCAMUSTAFAPAŞA - TAKSİM,1,Avrupa2,39.93
415,35D,KOCAMUSTAFAPAŞA - BALAT,35D/KOCAMUSTAFAPAŞA - BALAT,1,Avrupa2,46.98
416,36,KARADENİZ MAHALLESİ - AKSARAY,36/KARADENİZ MAHALLESİ - AKSARAY,1,Avrupa2,66.52
417,36A,CEBECİ - VEZNECİLER,36A/CEBECİ - VEZNECİLER,1,Avrupa2,82.59
418,36AS,TAŞOLUK PERON - SEFAKÖY METROBÜS,36AS/TAŞOLUK PERON - SEFAKÖY METROBÜS,1,Avrupa2,202.38
419,36AY,ARNAVUTKÖY - YENİBOSNA METRO,36AY/ARNAVUTKÖY - YENİBOSNA METRO,1,Avrupa2,173.67
420,36B,BOLLUCA / BOĞAZKÖY - CEBECİ,36B/BOLLUCA / BOĞAZKÖY - CEBECİ,1,Avrupa2,116.1
421,36C,CEBECİ-ARNAVUTKÖY MERKEZ,36C/CEBECİ-ARNAVUTKÖY MERKEZ,1,Avrupa2,79.73
422,36CB,CEBECİ KÖYÜ - İSTİKLAL MAHALLESİ,36CB/CEBECİ KÖYÜ - İSTİKLAL MAHALLESİ,1,Avrupa2,108.38
423,36CE,CEBECİ - EMİNÖNÜ,36CE/CEBECİ - EMİNÖNÜ,1,Avrupa2,107.69
424,36CY,CEBECİ - YENİBOSNA METRO,36CY/CEBECİ - YENİBOSNA METRO,1,Avrupa2,120.68
425,36D,ARNAVUTKÖY - DELİKLİKAYA,36D/ARNAVUTKÖY - DELİKLİKAYA,1,Avrupa2,174.77
426,36E,50.YIL MAHALLESİ - AKSARAY,36E/50.YIL MAHALLESİ - AKSARAY,0,Avrupa2,70.81
427,36EM,CEBECİ - MECİDİYEKÖY,36EM/CEBECİ - MECİDİYEKÖY,1,Avrupa2,114.57
428,36ES,ESENTEPE MAHALLESİ - AKSARAY,36ES/ESENTEPE MAHALLESİ - AKSARAY,1,Avrupa2,84.69
429,36F,CEBECİ - FENERTEPE/OLİMPİYATKÖY METRO,36F/CEBECİ - FENERTEPE/OLİMPİYATKÖY METRO,1,Avrupa2,113.33
430,36G,CEBECİ - SULTANGAZİ BELEDİYE,36G/CEBECİ - SULTANGAZİ BELEDİYE,0,Avrupa2,80.72
431,36HT,FATİH MAHALLESİ- HARAÇÇI - CEBECİ,36HT/FATİH MAHALLESİ- HARAÇÇI - CEBECİ,1,Avrupa2,143.59
432,36KE,KARADENİZ MAHALLESİ - EMİNÖNÜ,36KE/KARADENİZ MAHALLESİ - EMİNÖNÜ,1,Avrupa2,73.99
433,36L,MESCİDİ SELAM - BEŞİKTAŞ,36L/MESCİDİ SELAM - BEŞİKTAŞ,1,Avrupa2,120.18
434,36M,CEBECİ - MECİDİYEKÖY,36M/CEBECİ - MECİDİYEKÖY,1,Avrupa2,105.85
435,36P,CEBECİ-KÜÇÜKKÖY-EYÜPSULTAN,36P/CEBECİ-KÜÇÜKKÖY-EYÜPSULTAN,0,Avrupa2,81.01
436,36S,HABİPLER - SULTANGAZİ BELEDİYESİ,36S/HABİPLER - SULTANGAZİ BELEDİYESİ,1,Avrupa2,58.63
437,36T,CEBECİ - TAKSİM,36T/CEBECİ - TAKSİM,1,Avrupa2,130.67
438,36TC,TAŞOLUK PERON- CEBECİ,36TC/TAŞOLUK PERON- CEBECİ,1,Avrupa2,129.15
439,36V,YAYLA MAHALLESİ - VEZNECİLER,36V/YAYLA MAHALLESİ - VEZNECİLER,1,Avrupa2,109.43
440,36Y,TAŞOLUK PERON - YENİKAPI,36Y/TAŞOLUK PERON - YENİKAPI,1,Avrupa2,195.72
441,36YM,YUNUS EMRE MAHALLESİ - MECİDİYEKÖY,36YM/YUNUS EMRE MAHALLESİ - MECİDİYEKÖY,0,Avrupa2,85.2
442,36YS,YASSIÖREN - ARNAVUTKÖY,36YS/YASSIÖREN - ARNAVUTKÖY,1,Avrupa2,162.38
443,37,YEŞİLPINAR -YILDIZTABYA- EYÜPSULTAN,37/YEŞİLPINAR -YILDIZTABYA- EYÜPSULTAN,0,Avrupa3,51.57
444,37A,ALİBEYKÖY METRO - EDİRNEKAPI METROBÜS,37A/ALİBEYKÖY METRO - EDİRNEKAPI METROBÜS,0,Avrupa3,51.15
445,37E,ÇIRÇIR METRO - EMİNÖNÜ,37E/ÇIRÇIR METRO - EMİNÖNÜ,1,Avrupa3,73.68
446,37M,ÇIRÇIR METRO - MECİDİYEKÖY,37M/ÇIRÇIR METRO - MECİDİYEKÖY,1,Avrupa3,81.76
447,37T,ÇIRÇIR METRO - TAKSİM,37T/ÇIRÇIR METRO - TAKSİM,1,Avrupa3,76.2
448,37Y,ÇIRÇIR METRO - VEZNECİLER,37Y/ÇIRÇIR METRO - VEZNECİLER,1,Avrupa3,61.87
449,38,YUNUS EMRE MAHALLESİ - AKSARAY,38/YUNUS EMRE MAHALLESİ - AKSARAY,1,Avrupa2,78.8
450,38B,YUNUS EMRE MAHALLESİ - VEZNECİLER,38B/YUNUS EMRE MAHALLESİ - VEZNECİLER,1,Avrupa2,75.51
451,38E,G.O.P. DEVLET HASTANESİ - EMİNÖNÜ,38E/G.O.P. DEVLET HASTANESİ - EMİNÖNÜ,1,Avrupa2,73.17
452,38G,G.O.P. DEVLET HASTANESİ - MECİDİYEKÖY,38G/G.O.P. DEVLET HASTANESİ - MECİDİYEKÖY,1,Avrupa2,85.88
453,38H,ZÜBEYDE HANIM MAHALLESİ - HABİBLER,38H/ZÜBEYDE HANIM MAHALLESİ - HABİBLER,1,Avrupa2,66.98
454,38KT,KARADENİZ MAHALLESİ - TAKSİM,38KT/KARADENİZ MAHALLESİ - TAKSİM,1,Avrupa2,86.9
455,38M,CEVATPAŞA / KÜÇÜKKÖY - MECİDİYEKÖY,38M/CEVATPAŞA / KÜÇÜKKÖY - MECİDİYEKÖY,1,Avrupa2,95.12
456,38T,KÜÇÜKKÖY-TAKSİM,38T/KÜÇÜKKÖY-TAKSİM,1,Avrupa2,78.69
457,38Z,ZÜBEYDE HANIM MAHALLESİ - AKSARAY,38Z/ZÜBEYDE HANIM MAHALLESİ - AKSARAY,1,Avrupa2,72.04
458,39,AKŞEMSETTİN - YENİKAPI,39/AKŞEMSETTİN - YENİKAPI,1,Avrupa3,83.62
459,399B,EMNİYETTEPE - EMİNÖNÜ,399B/EMNİYETTEPE - EMİNÖNÜ,1,Avrupa3,83.24
460,399C,ESENTEPE MAHALLESİ - EMİNÖNÜ,399C/ESENTEPE MAHALLESİ - EMİNÖNÜ,1,Avrupa2,106.26
461,39A,AKŞEMSETTİN - VEZNECİLER,39A/AKŞEMSETTİN - VEZNECİLER,1,Avrupa3,76.24
462,39B,ÇIRÇIR METRO - VEZNECİLER,39B/ÇIRÇIR METRO - VEZNECİLER,1,Avrupa3,74.4
463,39D,YEŞİLPINAR - YENİKAPI,39D/YEŞİLPINAR - YENİKAPI,1,Avrupa3,88.05
464,39K,BİNEVLER - YENİKAPI,39K/BİNEVLER - YENİKAPI,1,Avrupa3,90.42
465,39M,ALİBEYKÖY METRO - EDİRNEKAPI METROBÜS,39M/ALİBEYKÖY METRO - EDİRNEKAPI METROBÜS,0,Avrupa3,42.39
466,39O,YEŞİLPINAR - OTOGAR,39O/YEŞİLPINAR - OTOGAR,1,Avrupa3,85.57
467,39Y,YEŞİLPINAR - VEZNECİLER,39Y/YEŞİLPINAR - VEZNECİLER,1,Avrupa3,75.82
468,39Ç,KAĞITHANE - AKSARAY,39Ç/KAĞITHANE - AKSARAY,1,Avrupa3,110.21
469,3A,KADIKÖY - ÜNALAN MAHALLESİ,3A/KADIKÖY - ÜNALAN MAHALLESİ,1,Anadolu1,36.25
470,3B,KADIKÖY - ÜNALAN MAHALLESİ,3B/KADIKÖY - ÜNALAN MAHALLESİ,1,Anadolu1,42.03
471,4,MALTEPE SAHİL - KADIKÖY,4/MALTEPE SAHİL - KADIKÖY,1,Anadolu1,66.96
472,40,RUMELİFENERİ / GARİPÇE - TAKSİM,40/RUMELİFENERİ / GARİPÇE - TAKSİM,1,Avrupa3,191.48
473,400A,YEŞİLKENT- AVCILAR METROBÜS,400A/YEŞİLKENT- AVCILAR METROBÜS,1,Avrupa1,73.16
474,401,ÇATALCA - AVCILAR METROBÜS,401/ÇATALCA - AVCILAR METROBÜS,1,Avrupa1,158.96
475,401T,TEPEKENT - AVCILAR METROBÜS,401T/TEPEKENT - AVCILAR METROBÜS,1,Avrupa1,115.31
476,402,BİNKILIÇ - ÇATALCA,402/BİNKILIÇ - ÇATALCA,1,Avrupa1,264.73
477,403,ÇİFTLİKKÖY - ÇATALCA,403/ÇİFTLİKKÖY - ÇATALCA,1,Avrupa1,164.46
478,404,YALIKÖY / KARACAKÖY - ÇATALCA,404/YALIKÖY / KARACAKÖY - ÇATALCA,1,Avrupa1,297.15
479,40B,SARIYER - BEŞİKTAŞ,40B/SARIYER - BEŞİKTAŞ,1,Avrupa3,112.49
480,40T,İSTİNYE DEREİÇİ - TAKSİM,40T/İSTİNYE DEREİÇİ - TAKSİM,1,Avrupa3,79.54
481,41,SİNPAŞ SİTESİ - 4.LEVENT METRO,41/SİNPAŞ SİTESİ - 4.LEVENT METRO,1,Avrupa3,81.76
482,418,HADIMKÖY - AVCILAR METROBÜS,418/HADIMKÖY - AVCILAR METROBÜS,1,Avrupa1,173.71
483,41A,AYAZAĞA - 4. LEVENT METRO,41A/AYAZAĞA - 4. LEVENT METRO,1,Avrupa3,30.64
484,41AT,AYAZAĞA - DAVUTPAŞA Y.T.Ü,41AT/AYAZAĞA - DAVUTPAŞA Y.T.Ü,1,Avrupa3,134.13
485,41C,AYAZAĞA - SARIYER,41C/AYAZAĞA - SARIYER,1,Avrupa3,92.61
486,41E,AYAZAĞA - KABATAŞ,41E/AYAZAĞA - KABATAŞ,1,Avrupa3,69.19
487,41N,NİŞANTAŞI ÜNİVERSİTESİ - MASLAK,41N/NİŞANTAŞI ÜNİVERSİTESİ - MASLAK,1,Avrupa3,16.1
488,41SF,SARIYER - FATİH SULTAN MEHMET,41SF/SARIYER - FATİH SULTAN MEHMET,1,Avrupa3,97.28
489,41SM,AYAZAĞA GARAJI - 4.LEVENT METRO,41SM/AYAZAĞA GARAJI - 4.LEVENT METRO,1,Avrupa3,39.4
490,41ST,SEYRANTEPE - TOPKAPI,41ST/SEYRANTEPE - TOPKAPI,1,Avrupa3,103.06
491,41Y,AYAZAĞA - YENİKAPI,41Y/AYAZAĞA - YENİKAPI,1,Avrupa3,111.13
492,42,BAHÇEKÖY / FERAHEVLER - ZİNCİRLİKUYU METROBÜS,42/BAHÇEKÖY / FERAHEVLER - ZİNCİRLİKUYU METROBÜS,1,Avrupa3,103.86
493,429,KIRAÇ - AVCILAR METROBÜS,429/KIRAÇ - AVCILAR METROBÜS,1,Avrupa1,104.74
494,429A,KIRAÇ - AVCILAR METROBÜS,429A/KIRAÇ - AVCILAR METROBÜS,1,Avrupa1,104.34
495,42HM,BAHÇEKÖY - HACIOSMAN METRO,42HM/BAHÇEKÖY - HACIOSMAN METRO,1,Avrupa3,39.49
496,42K,SARIYER - KAZIM KARABEKİR,42K/SARIYER - KAZIM KARABEKİR,1,Avrupa3,31.64
497,42KM,4.LEVENT METRO - KOCATAŞ,42KM/4.LEVENT METRO - KOCATAŞ,0,Avrupa3,70.47
498,42KT,SARIYER - KOCATAŞ,42KT/SARIYER - KOCATAŞ,1,Avrupa3,32.22
499,42M,BAHÇEKÖY - ZİNCİRLİKUYU METROBÜS,42M/BAHÇEKÖY - ZİNCİRLİKUYU METROBÜS,1,Avrupa3,83.78
500,42T,BAHÇEKÖY - TAKSİM,42T/BAHÇEKÖY - TAKSİM,1,Avrupa3,132.2
501,42Z,HACIOSMAN METRO - KAZIM KARABEKİR,42Z/HACIOSMAN METRO - KAZIM KARABEKİR,1,Avrupa3,26.04
502,43,DİKİLİTAŞ - TAKSİM,43/DİKİLİTAŞ - TAKSİM,0,Avrupa3,34.69
503,43R,RUMELİ HİSARÜSTÜ - KABATAŞ,43R/RUMELİ HİSARÜSTÜ - KABATAŞ,1,Avrupa3,44.46
504,448,MİMARSİNAN - AVCILAR METROBÜS,448/MİMARSİNAN - AVCILAR METROBÜS,1,Avrupa1,117.66
505,44B,HAMİDİYE MAHALLESİ - EMİNÖNÜ,44B/HAMİDİYE MAHALLESİ - EMİNÖNÜ,1,Avrupa3,85.61
506,458,GÜRPINAR - AVCILAR METROBÜS,458/GÜRPINAR - AVCILAR METROBÜS,1,Avrupa1,117.71
507,46E,HÜRRİYET MAHALLESİ - EMİNÖNÜ,46E/HÜRRİYET MAHALLESİ - EMİNÖNÜ,1,Avrupa3,43.62
508,46KT,KUŞTEPE - ŞİŞLİ,46KT/KUŞTEPE - ŞİŞLİ,1,Avrupa3,12.96
509,46T,ÇAĞLAYAN - TOPKAPI,46T/ÇAĞLAYAN - TOPKAPI,1,Avrupa3,73.34
510,46Ç,KAĞITHANE - EMİNÖNÜ,46Ç/KAĞITHANE - EMİNÖNÜ,1,Avrupa3,55.22
511,47,YEŞİLPINAR - EMİNÖNÜ,47/YEŞİLPINAR - EMİNÖNÜ,1,Avrupa3,78.22
512,47A,ALİBEYKÖY CEP OTOGARI - YENİKAPI,47A/ALİBEYKÖY CEP OTOGARI - YENİKAPI,1,Avrupa3,82.79
513,47E,BİNEVLER - EMİNÖNÜ,47E/BİNEVLER - EMİNÖNÜ,1,Avrupa3,67.03
514,47F,ÇIRÇIR METRO - 4.LEVENT METRO,47F/ÇIRÇIR METRO - 4.LEVENT METRO,1,Avrupa3,89.39
515,47K,KAZIM KARABEKİR - EMİNÖNÜ,47K/KAZIM KARABEKİR - EMİNÖNÜ,1,Avrupa3,82.44
516,47L,BİNEVLER -  HACIOSMAN METRO,47L/BİNEVLER -  HACIOSMAN METRO,1,Avrupa3,110.08
517,47N,NUR SİTESİ - EMİNÖNÜ,47N/NUR SİTESİ - EMİNÖNÜ,1,Avrupa3,80.24
518,47Ç,GÜZELTEPE - EMİNÖNÜ,47Ç/GÜZELTEPE - EMİNÖNÜ,1,Avrupa3,65.59
519,48,GÖKTÜRK - MECİDİYEKÖY,48/GÖKTÜRK - MECİDİYEKÖY,1,Avrupa3,105.7
520,48A,GÖKTÜRK - KAZLIÇEŞME,48A/GÖKTÜRK - KAZLIÇEŞME,1,Avrupa3,145.41
521,48B,ARICILAR / HAMİDİYE MAHALLESİ - ŞİŞLİ,48B/ARICILAR / HAMİDİYE MAHALLESİ - ŞİŞLİ,0,Avrupa3,50.34
522,48C,KEMERBURGAZ - ÇİFTALAN KÖYÜ,48C/KEMERBURGAZ - ÇİFTALAN KÖYÜ,1,Avrupa3,68.07
523,48D,GÖKTÜRK - HACIOSMAN METRO,48D/GÖKTÜRK - HACIOSMAN METRO,1,Avrupa3,105.54
524,48E,GÖKTÜRK - EMİNÖNÜ,48E/GÖKTÜRK - EMİNÖNÜ,1,Avrupa3,128.17
525,48F,AKPINAR KÖYÜ-MECİDİYEKÖY,48F/AKPINAR KÖYÜ-MECİDİYEKÖY,1,Avrupa3,183.0
526,48G,GÖKTÜRK- MESCİDİ SELAM,48G/GÖKTÜRK- MESCİDİ SELAM,1,Avrupa3,102.74
527,48H,HAMİDİYE MAHALLESİ - ŞİŞLİ,48H/HAMİDİYE MAHALLESİ - ŞİŞLİ,1,Avrupa3,40.04
528,48K,KEMERBURGAZ - AĞAÇLI KÖYÜ,48K/KEMERBURGAZ - AĞAÇLI KÖYÜ,1,Avrupa3,114.69
529,48KA,KEMERBURGAZ - ARNAVUTKÖY,48KA/KEMERBURGAZ - ARNAVUTKÖY,1,Avrupa3,143.86
530,48KM,KEMERBURGAZ BAÜ-KEMERBURGAZ,48KM/KEMERBURGAZ BAÜ-KEMERBURGAZ,0,Avrupa3,108.41
531,48L,GÖKTÜRK - 4.LEVENT METRO,48L/GÖKTÜRK - 4.LEVENT METRO,1,Avrupa3,118.86
532,48M,AKPINAR KÖYÜ-ARNAVUTKÖY,48M/AKPINAR KÖYÜ-ARNAVUTKÖY,1,Avrupa3,93.12
533,48N,EMNİYETTEPE - TAKSİM,48N/EMNİYETTEPE - TAKSİM,1,Avrupa3,54.81
534,48P,KEMERBURGAZ - AKPINAR KÖYÜ,48P/KEMERBURGAZ - AKPINAR KÖYÜ,1,Avrupa3,102.56
535,48R,KENT ORMANI - MECİDİYEKÖY,48R/KENT ORMANI - MECİDİYEKÖY,0,Avrupa3,127.75
536,48S,SADABAT EVLERİ - ŞİŞLİ,48S/SADABAT EVLERİ - ŞİŞLİ,0,Avrupa3,33.65
537,48T,HAMİDİYE MAHALLESİ - TAKSİM,48T/HAMİDİYE MAHALLESİ - TAKSİM,1,Avrupa3,68.14
538,48U,BAHÇEŞEHİR ÜNİVERSİTESİ - KEMERBURGAZ,48U/BAHÇEŞEHİR ÜNİVERSİTESİ - KEMERBURGAZ,1,Avrupa3,8.16
539,48Y,YEŞİLPINAR - GÖKTÜRK,48Y/YEŞİLPINAR - GÖKTÜRK,1,Avrupa3,110.73
540,49,CEBECİ - ŞİŞLİ,49/CEBECİ - ŞİŞLİ,1,Avrupa2,78.02
541,49A,AKŞEMSETTİN - ŞİŞLİ,49A/AKŞEMSETTİN - ŞİŞLİ,1,Avrupa3,64.77
542,49B,ÇIRÇIR METRO- ŞİŞLİ,49B/ÇIRÇIR METRO- ŞİŞLİ,1,Avrupa3,61.14
543,49G,YUNUS EMRE MAHALLESİ - KÜÇÜKKÖY- ŞİŞLİ,49G/YUNUS EMRE MAHALLESİ - KÜÇÜKKÖY- ŞİŞLİ,1,Avrupa2,97.25
544,49GB,YUNUS EMRE MAHALLESİ / BARAJ YOLU - ŞİŞLİ,49GB/YUNUS EMRE MAHALLESİ / BARAJ YOLU - ŞİŞLİ,1,Avrupa2,89.48
545,49K,BİNEVLER - ŞİŞLİ,49K/BİNEVLER - ŞİŞLİ,1,Avrupa3,63.86
546,49M,KAZIM KARABEKİR - ŞİŞLİ,49M/KAZIM KARABEKİR - ŞİŞLİ,1,Avrupa3,81.6
547,49T,YEŞİLPINAR - TAKSİM,49T/YEŞİLPINAR - TAKSİM,1,Avrupa3,68.7
548,49Y,YEŞİLPINAR - ŞİŞLİ,49Y/YEŞİLPINAR - ŞİŞLİ,1,Avrupa3,68.96
549,49Z,YEŞİLPINAR - ZİNCİRLİKUYU METROBÜS,49Z/YEŞİLPINAR - ZİNCİRLİKUYU METROBÜS,1,Avrupa3,88.12
550,5,VALİEVLERİ - ÜSKÜDAR,5/VALİEVLERİ - ÜSKÜDAR,1,Anadolu1,63.2
551,500A,KADIKÖY - EDİRNEKAPI / TOPKAPI,500A/KADIKÖY - EDİRNEKAPI / TOPKAPI,0,Anadolu1,111.93
552,500K,TUZLA ŞİFA MAHALLESİ - KAVACIK KÖPRÜSÜ,500K/TUZLA ŞİFA MAHALLESİ - KAVACIK KÖPRÜSÜ,0,Anadolu2,229.45
553,500L,LEVENT - CEVİZLİBAĞ,500L/LEVENT - CEVİZLİBAĞ,1,Avrupa2,94.03
554,500T,TUZLA ŞİFA MAHALLESİ - CEVİZLİBAĞ,500T/TUZLA ŞİFA MAHALLESİ - CEVİZLİBAĞ,1,Anadolu2,368.05
555,522,ALEMDAĞ - MECİDİYEKÖY MEZARLIK,522/ALEMDAĞ - MECİDİYEKÖY MEZARLIK,1,Anadolu2,148.89
556,522B,YENİDOĞAN - MECİDİYEKÖY MEZARLIK,522B/YENİDOĞAN - MECİDİYEKÖY MEZARLIK,1,Anadolu2,161.06
557,522N,NİŞANTEPE - 4.LEVENT METRO,522N/NİŞANTEPE - 4.LEVENT METRO,1,Anadolu2,174.53
558,522ST,SULTANBEYLİ - MECİDİYEKÖY,522ST/SULTANBEYLİ - MECİDİYEKÖY,1,Anadolu2,207.93
559,54B,KAĞITHANE GARAJI - BEŞİKTAŞ,54B/KAĞITHANE GARAJI - BEŞİKTAŞ,0,Avrupa3,75.27
560,54E,OKMEYDANI - EMİNÖNÜ,54E/OKMEYDANI - EMİNÖNÜ,1,Avrupa3,55.11
561,54HT,HASKÖY - TAKSİM,54HT/HASKÖY - TAKSİM,1,Avrupa3,32.78
562,54HŞ,HASKÖY - ŞİŞLİ,54HŞ/HASKÖY - ŞİŞLİ,1,Avrupa3,54.54
563,54K,HASKÖY - KULAKSIZ - TAKSİM,54K/HASKÖY - KULAKSIZ - TAKSİM,1,Avrupa3,51.85
564,54KT,KAPTANPAŞA - DOLAPDERE / TAKSİM,54KT/KAPTANPAŞA - DOLAPDERE / TAKSİM,1,Avrupa3,27.54
565,54P,PİYALEPAŞA MAHALLESİ - TAKSİM,54P/PİYALEPAŞA MAHALLESİ - TAKSİM,1,Avrupa3,37.07
566,54T,SADABAT EVLERİ / TALATPAŞA - TAKSİM,54T/SADABAT EVLERİ / TALATPAŞA - TAKSİM,1,Avrupa3,50.26
567,54TE,SADABAT EVLERİ / TALATPAŞA - EMİNÖNÜ,54TE/SADABAT EVLERİ / TALATPAŞA - EMİNÖNÜ,1,Avrupa3,58.02
568,54Y,OKMEYDANI - YENİKAPI,54Y/OKMEYDANI - YENİKAPI,0,Avrupa3,49.18
569,54Ç,ÇIKSALIN - TAKSİM,54Ç/ÇIKSALIN - TAKSİM,1,Avrupa3,40.55
570,54ÖR,ÖRNEKTEPE - TAKSİM,54ÖR/ÖRNEKTEPE - TAKSİM,1,Avrupa3,39.86
571,55,GAZİOSMANPAŞA - ŞİŞLİ,55/GAZİOSMANPAŞA - ŞİŞLİ,1,Avrupa2,55.98
572,559C,RUMELİ HİSARÜSTÜ - TAKSİM,559C/RUMELİ HİSARÜSTÜ - TAKSİM,1,Avrupa3,45.89
573,55B,GAZİOSMANPAŞA - BEŞİKTAŞ,55B/GAZİOSMANPAŞA - BEŞİKTAŞ,1,Avrupa2,62.61
574,55ET,EYÜPSULTAN - TAKSİM/BEŞİKTAŞ,55ET/EYÜPSULTAN - TAKSİM/BEŞİKTAŞ,1,Avrupa3,68.46
575,55EY,GAZİOSMANPAŞA - YENİKAPI,55EY/GAZİOSMANPAŞA - YENİKAPI,0,Avrupa2,55.56
576,55T,GAZİOSMANPAŞA - TAKSİM,55T/GAZİOSMANPAŞA - TAKSİM,1,Avrupa2,50.68
577,55V,GAZİOSMANPAŞA - VEZNECİLER,55V/GAZİOSMANPAŞA - VEZNECİLER,1,Avrupa2,39.75
578,55Y,KAĞITHANE GARAJI - YENİBOSNA METRO,55Y/KAĞITHANE GARAJI - YENİBOSNA METRO,1,Avrupa3,128.26
579,57UL,BEŞİKTAŞ - KURUÇEŞMEÜSTÜ,57UL/BEŞİKTAŞ - KURUÇEŞMEÜSTÜ,1,Avrupa3,24.02
580,58A,POLİGON MAHALLESİ- KABATAŞ,58A/POLİGON MAHALLESİ- KABATAŞ,1,Avrupa3,74.0
581,58N,FATİH SULTAN MEHMET - KABATAŞ,58N/FATİH SULTAN MEHMET - KABATAŞ,1,Avrupa3,46.24
582,58S,LEVAZIM MAHALLESİ - KABATAŞ,58S/LEVAZIM MAHALLESİ - KABATAŞ,1,Avrupa3,36.75
583,58UL,ULUS MAHALLESİ - KABATAŞ,58UL/ULUS MAHALLESİ - KABATAŞ,1,Avrupa3,40.25
584,59A,İSTİNYE DEREİÇİ - ŞİŞLİ,59A/İSTİNYE DEREİÇİ - ŞİŞLİ,1,Avrupa3,71.43
585,59C,ARNAVUTKÖY - MECİDİYEKÖY,59C/ARNAVUTKÖY - MECİDİYEKÖY,0,Avrupa3,10.0
586,59CH,ARNAVUTKÖY - MECİDİYEKÖY,59CH/ARNAVUTKÖY - MECİDİYEKÖY,1,Avrupa3,33.3
587,59HS,HACIOSMAN METRO - SARITEPE KAMPÜSÜ,59HS/HACIOSMAN METRO - SARITEPE KAMPÜSÜ,1,Avrupa3,96.15
588,59K,KARAYOLLARI / ETİLER - ŞİŞLİ,59K/KARAYOLLARI / ETİLER - ŞİŞLİ,1,Avrupa3,41.0
589,59N,FATİH SULTAN MEHMET - ŞİŞLİ,59N/FATİH SULTAN MEHMET - ŞİŞLİ,1,Avrupa3,35.08
590,59R,RUMELİ HİSARÜSTÜ - ŞİŞLİ,59R/RUMELİ HİSARÜSTÜ - ŞİŞLİ,1,Avrupa3,33.19
591,59RH,RUMELİ HİSARÜSTÜ - HACIOSMAN METRO,59RH/RUMELİ HİSARÜSTÜ - HACIOSMAN METRO,1,Avrupa3,52.12
592,59RK,RUMELİ HİSARÜSTÜ - SARITEPE KAMPÜSÜ,59RK/RUMELİ HİSARÜSTÜ - SARITEPE KAMPÜSÜ,1,Avrupa3,164.87
593,59RS,SARIYER - RUMELİ HİSARÜSTÜ,59RS/SARIYER - RUMELİ HİSARÜSTÜ,1,Avrupa3,91.83
594,59S,LEVAZIM MAHALLESİ - ŞİŞLİ,59S/LEVAZIM MAHALLESİ - ŞİŞLİ,1,Avrupa3,25.47
595,59UÇ,UÇAKSAVAR - ŞİŞLİ,59UÇ/UÇAKSAVAR - ŞİŞLİ,1,Avrupa3,48.02
596,6,ESATPAŞA / KÜÇÜKÇAMLICA - HAREM,6/ESATPAŞA / KÜÇÜKÇAMLICA - HAREM,1,Anadolu1,65.34
597,62,KAĞITHANE / GÜLTEPE - KABATAŞ,62/KAĞITHANE / GÜLTEPE - KABATAŞ,1,Avrupa3,56.26
598,622,YENİDOĞAN - MECİDİYEKÖY,622/YENİDOĞAN - MECİDİYEKÖY,1,Anadolu2,170.37
599,62G,EMNİYETTEPE /  HAMİDİYE - BEŞİKTAŞ,62G/EMNİYETTEPE /  HAMİDİYE - BEŞİKTAŞ,1,Avrupa3,71.04
600,62H,EMNİYETTEPE - HACIOSMAN METRO,62H/EMNİYETTEPE - HACIOSMAN METRO,1,Avrupa3,90.4
601,63,KAĞITHANE / ÇELİKTEPE - KABATAŞ,63/KAĞITHANE / ÇELİKTEPE - KABATAŞ,1,Avrupa3,63.99
602,64Ç,EMNİYETTEPE/ÇELİKTEPE-ŞİŞLİ,64Ç/EMNİYETTEPE/ÇELİKTEPE-ŞİŞLİ,1,Avrupa3,73.67
603,65A,SEYRANTEPE - KAĞITHANE GARAJI,65A/SEYRANTEPE - KAĞITHANE GARAJI,1,Avrupa3,97.15
604,65G,KAĞITHANE / GÜLTEPE - ŞİŞLİ,65G/KAĞITHANE / GÜLTEPE - ŞİŞLİ,1,Avrupa3,43.7
605,66,GÜLBAĞ - EMİNÖNÜ,66/GÜLBAĞ - EMİNÖNÜ,1,Avrupa3,45.82
606,66Z,ZİNCİRLİDERE - ŞİŞLİ,66Z/ZİNCİRLİDERE - ŞİŞLİ,1,Avrupa3,21.55
607,69A,ESENTEPE / MECİDİYEKÖY - YENİKAPI,69A/ESENTEPE / MECİDİYEKÖY - YENİKAPI,0,Avrupa3,57.31
608,7,TOPAĞACI MAHALLESİ / ÜMRANİYE - RASATHANE,7/TOPAĞACI MAHALLESİ / ÜMRANİYE - RASATHANE,1,Anadolu1,74.98
609,70D,KURTULUŞ / DOLAPDERE - EMİNÖNÜ,70D/KURTULUŞ / DOLAPDERE - EMİNÖNÜ,1,Avrupa3,53.87
610,70FE,FERİKÖY - EMİNÖNÜ,70FE/FERİKÖY - EMİNÖNÜ,1,Avrupa3,38.26
611,70FY,FERİKÖY - YENİKAPI,70FY/FERİKÖY - YENİKAPI,1,Avrupa3,52.31
612,70KE,KURTULUŞ - EMİNÖNÜ,70KE/KURTULUŞ - EMİNÖNÜ,1,Avrupa3,40.5
613,70KY,KURTULUŞ - YENİKAPI,70KY/KURTULUŞ - YENİKAPI,1,Avrupa3,46.82
614,71AT,ATAKÖY - TAKSİM,71AT/ATAKÖY - TAKSİM,0,Avrupa1,92.84
615,71T,ATAKÖY - TAKSİM,71T/ATAKÖY - TAKSİM,1,Avrupa1,94.26
616,72T,YEŞİLKÖY - TAKSİM,72T/YEŞİLKÖY - TAKSİM,1,Avrupa1,113.13
617,72YT,YEŞİLKÖY - SAHİL YOLU - TAKSİM,72YT/YEŞİLKÖY - SAHİL YOLU - TAKSİM,1,Avrupa1,108.74
618,73,YENİBOSNA METRO- TAKSİM,73/YENİBOSNA METRO- TAKSİM,1,Avrupa1,79.67
619,73B,FLORYA - BAKIRKÖY,73B/FLORYA - BAKIRKÖY,1,Avrupa1,73.5
620,73F,FLORYA - TAKSİM,73F/FLORYA - TAKSİM,1,Avrupa1,130.03
621,73H,ACİL DURUM HASTANESİ - ATAKÖY METRO,73H/ACİL DURUM HASTANESİ - ATAKÖY METRO,1,Avrupa1,45.33
622,73Y,KUYUMCUKENT - YEŞİLKÖY / AKVARYUM,73Y/KUYUMCUKENT - YEŞİLKÖY / AKVARYUM,1,Avrupa1,74.12
623,74,HİLTON SİTESİ - EMİNÖNÜ,74/HİLTON SİTESİ - EMİNÖNÜ,1,Avrupa3,43.76
624,74A,GAYRETTEPE - EMİNÖNÜ,74A/GAYRETTEPE - EMİNÖNÜ,1,Avrupa3,42.6
625,75M,AKSARAY - MECİDİYEKÖY,75M/AKSARAY - MECİDİYEKÖY,0,Avrupa2,64.63
626,75O,OTOGAR - MECİDİYEKÖY,75O/OTOGAR - MECİDİYEKÖY,1,Avrupa2,91.29
627,76,BEYLİKDÜZÜ - BAKIRKÖY,76/BEYLİKDÜZÜ - BAKIRKÖY,1,Avrupa1,143.92
628,76A,KİPTAŞ VADİTEPE - YENİKAPI,76A/KİPTAŞ VADİTEPE - YENİKAPI,1,Avrupa1,157.01
629,76B,AVCILAR CİHANGİR MAHALLESİ - BAKIRKÖY,76B/AVCILAR CİHANGİR MAHALLESİ - BAKIRKÖY,1,Avrupa1,99.48
630,76BA,BÜYÜKÇEKMECE - AVCILAR METROBÜS,76BA/BÜYÜKÇEKMECE - AVCILAR METROBÜS,1,Avrupa1,75.4
631,76BT,TEPEKENT-TÜYAP,76BT/TEPEKENT-TÜYAP,0,Avrupa1,94.48
632,76C,BÜYÜKÇEKMECE - BAKIRKÖY,76C/BÜYÜKÇEKMECE - BAKIRKÖY,1,Avrupa1,154.97
633,76D,BAHÇEŞEHİR / ESENKENT - TAKSİM,76D/BAHÇEŞEHİR / ESENKENT - TAKSİM,1,Avrupa1,194.72
634,76E,BOĞAZKÖY / BAHÇEŞEHİR - TAKSİM,76E/BOĞAZKÖY / BAHÇEŞEHİR - TAKSİM,1,Avrupa1,212.96
635,76G,GÜRPINAR - AVCILAR METROBÜS,76G/GÜRPINAR - AVCILAR METROBÜS,1,Avrupa1,138.2
636,76GM,GÜRPINAR-TÜYAP METROBÜS,76GM/GÜRPINAR-TÜYAP METROBÜS,1,Avrupa1,55.28
637,76K,BEYLİKDÜZÜ TÜYAP - KAZLIÇEŞME,76K/BEYLİKDÜZÜ TÜYAP - KAZLIÇEŞME,0,Avrupa1,156.55
638,76M,MECİDİYEKÖY - AVCILAR METROBÜS,76M/MECİDİYEKÖY - AVCILAR METROBÜS,0,Avrupa3,136.01
639,76O,AVCILAR CİHANGİR MAHALLESİ - OTOGAR,76O/AVCILAR CİHANGİR MAHALLESİ - OTOGAR,1,Avrupa1,166.01
640,76SM,İHLAS MARMARA EVLERİ- HARAMİDERE METROBÜS,76SM/İHLAS MARMARA EVLERİ- HARAMİDERE METROBÜS,0,Avrupa1,69.64
641,76T,ISPARTAKULE BİZİMEVLER - TAKSİM,76T/ISPARTAKULE BİZİMEVLER - TAKSİM,1,Avrupa1,162.12
642,76TM,TEPEKENT - AVCILAR METROBÜS,76TM/TEPEKENT - AVCILAR METROBÜS,1,Avrupa1,154.38
643,76V,KİPTAŞ VADİTEPE - BAKIRKÖY,76V/KİPTAŞ VADİTEPE - BAKIRKÖY,1,Avrupa1,168.66
644,76Y,İHLAS MARMARA EVLERİ - BAKIRKÖY,76Y/İHLAS MARMARA EVLERİ - BAKIRKÖY,1,Avrupa1,148.4
645,77,YENİKAPI-ŞİŞLİ,77/YENİKAPI-ŞİŞLİ,1,Avrupa2,63.22
646,77A,VEZNECİLER-ŞİŞLİ,77A/VEZNECİLER-ŞİŞLİ,1,Avrupa2,50.69
647,77Ç,ÇIKSALIN - EMİNÖNÜ,77Ç/ÇIKSALIN - EMİNÖNÜ,1,Avrupa3,35.63
648,78,METROKENT - EMİNÖNÜ,78/METROKENT - EMİNÖNÜ,1,Avrupa1,150.09
649,78A,OYAKKENT - AKSARAY,78A/OYAKKENT - AKSARAY,0,Avrupa1,151.9
650,78B,FENERTEPE PERON/BAŞAKŞEHİR - YENİBOSNA METRO,78B/FENERTEPE PERON/BAŞAKŞEHİR - YENİBOSNA METRO,1,Avrupa1,128.05
651,78BE,BAŞAKŞEHİR METROKENT - MECİDİYEKÖY,78BE/BAŞAKŞEHİR METROKENT - MECİDİYEKÖY,0,Avrupa1,148.54
652,78C,YUNUS EMRE MAHALLESİ - FENERTEPE,78C/YUNUS EMRE MAHALLESİ - FENERTEPE,1,Avrupa2,137.28
653,78E,FENERTEPE PERON/BAŞAKŞEHİR - KAYABAŞI KİPTAŞ,78E/FENERTEPE PERON/BAŞAKŞEHİR - KAYABAŞI KİPTAŞ,1,Avrupa1,155.34
654,78F,FENERTEPE - BAŞAKŞEHİR - METROKENT,78F/FENERTEPE - BAŞAKŞEHİR - METROKENT,1,Avrupa1,188.94
655,78FB,FENERTEPE PERON - BİRLİK MAHALLESİ,78FB/FENERTEPE PERON - BİRLİK MAHALLESİ,0,Avrupa1,118.39
656,78G,FENERTEPE PERON/BAŞAKŞEHİR - KAYAŞEHİR,78G/FENERTEPE PERON/BAŞAKŞEHİR - KAYAŞEHİR,1,Avrupa1,144.6
657,78H,FENERTEPE PERON/BAŞAKŞEHİR - EMİNÖNÜ,78H/FENERTEPE PERON/BAŞAKŞEHİR - EMİNÖNÜ,1,Avrupa1,163.11
658,78M,FENERTEPE PERON-MECİDİYEKÖY,78M/FENERTEPE PERON-MECİDİYEKÖY,0,Avrupa1,180.52
659,78ZB,FENERTEPE PERON/BAŞAKŞEHİR - ZEYTİNBURNU,78ZB/FENERTEPE PERON/BAŞAKŞEHİR - ZEYTİNBURNU,1,Avrupa1,189.17
660,78Ş,FENERTEPE PERON/BAŞAKŞEHİR - ŞAHİNTEPE,78Ş/FENERTEPE PERON/BAŞAKŞEHİR - ŞAHİNTEPE,1,Avrupa1,131.2
661,79B,KAYAŞEHİR - BAKIRKÖY,79B/KAYAŞEHİR - BAKIRKÖY,1,Avrupa1,178.59
662,79C,KAYAŞEHİR - CEBECİ MAHALLESİ,79C/KAYAŞEHİR - CEBECİ MAHALLESİ,1,Avrupa1,134.23
663,79E,KAYABAŞI KİPTAŞ / KAYAŞEHİR - EMİNÖNÜ,79E/KAYABAŞI KİPTAŞ / KAYAŞEHİR - EMİNÖNÜ,1,Avrupa1,198.53
664,79F,KAYAŞEHİR - YENİBOSNA METRO,79F/KAYAŞEHİR - YENİBOSNA METRO,1,Avrupa1,192.53
665,79FY,FENERTEPE-YENİBOSNA METRO,79FY/FENERTEPE-YENİBOSNA METRO,1,Avrupa1,141.73
666,79G,KAYAŞEHİR - ZEYTİNBURNU,79G/KAYAŞEHİR - ZEYTİNBURNU,1,Avrupa1,154.5
667,79GE,GÜVERCİNTEPE/FENERTEPE-EMİNÖNÜ,79GE/GÜVERCİNTEPE/FENERTEPE-EMİNÖNÜ,1,Avrupa1,196.0
668,79K,KAYAŞEHİR - YENİBOSNA METRO,79K/KAYAŞEHİR - YENİBOSNA METRO,1,Avrupa1,122.83
669,79KM,KAYAŞEHİR - MECİDİYEKÖY,79KM/KAYAŞEHİR - MECİDİYEKÖY,1,Avrupa1,198.37
670,79KT,KAYABAŞI KİPTAŞ - TEKSTİLKENT METRO,79KT/KAYABAŞI KİPTAŞ - TEKSTİLKENT METRO,1,Avrupa1,135.02
671,79M,KAYAŞEHİR - MECİDİYEKÖY,79M/KAYAŞEHİR - MECİDİYEKÖY,0,Avrupa1,198.34
672,79T,KAYABAŞI KİPTAŞ - TAKSİM,79T/KAYABAŞI KİPTAŞ - TAKSİM,1,Avrupa1,204.3
673,79Y,KAYABAŞI KİPTAŞ / KAYAŞEHİR - YENİBOSNA METRO,79Y/KAYABAŞI KİPTAŞ / KAYAŞEHİR - YENİBOSNA METRO,1,Avrupa1,132.0
674,79Ş,ŞAHİNTEPE - TOPKAPI,79Ş/ŞAHİNTEPE - TOPKAPI,1,Avrupa1,149.6
675,8,VALİEVLERİ - KADIKÖY,8/VALİEVLERİ - KADIKÖY,1,Anadolu1,22.55
676,80,KAZLIÇEŞME - EMİNÖNÜ,80/KAZLIÇEŞME - EMİNÖNÜ,1,Avrupa2,47.27
677,80T,KAZLIÇEŞME - TAKSİM,80T/KAZLIÇEŞME - TAKSİM,1,Avrupa2,48.48
678,81,YEŞİLKÖY - EMİNÖNÜ,81/YEŞİLKÖY - EMİNÖNÜ,0,Avrupa1,102.94
679,82,KUYUMCUKENT - EMİNÖNÜ,82/KUYUMCUKENT - EMİNÖNÜ,1,Avrupa1,87.37
680,82B,YENİBOSNA METRO - BEYAZIT,82B/YENİBOSNA METRO - BEYAZIT,0,Avrupa1,59.83
681,82S,YENİBOSNA METRO - İKİTELLİ OSB/ METROKENT,82S/YENİBOSNA METRO - İKİTELLİ OSB/ METROKENT,1,Avrupa1,114.08
682,83O,OTOGAR - TAKSİM,83O/OTOGAR - TAKSİM,0,Avrupa2,99.29
683,85C,DAVUTPAŞA YTÜ - KAZLIÇEŞME,85C/DAVUTPAŞA YTÜ - KAZLIÇEŞME,1,Avrupa2,48.08
684,85T,ESENLER METRO - TAKSİM,85T/ESENLER METRO - TAKSİM,1,Avrupa2,94.44
685,86V,EYÜPSULTAN - VEZNECİLER,86V/EYÜPSULTAN - VEZNECİLER,1,Avrupa3,32.75
686,87,TOPKAPI / EDİRNEKAPI - TAKSİM,87/TOPKAPI / EDİRNEKAPI - TAKSİM,1,Avrupa2,50.27
687,88,YUNUS EMRE MAHALLESİ - TOPKAPI,88/YUNUS EMRE MAHALLESİ - TOPKAPI,1,Avrupa2,72.35
688,88A,YUNUS EMRE MAHALLESİ - YENİKAPI,88A/YUNUS EMRE MAHALLESİ - YENİKAPI,1,Avrupa2,88.0
689,89,K.S.S. HASTANESİ/ATAKENT-AKSARAY,89/K.S.S. HASTANESİ/ATAKENT-AKSARAY,1,Avrupa1,159.5
690,89A,K.S.S. HASTANESİ - ZEYTİNBURNU,89A/K.S.S. HASTANESİ - ZEYTİNBURNU,1,Avrupa1,126.65
691,89B,KÜÇÜKÇEKMECE - AKSARAY,89B/KÜÇÜKÇEKMECE - AKSARAY,1,Avrupa1,90.5
692,89BS,BEZİRGANBAHÇE TOKİ-SEFAKÖY METROBÜS,89BS/BEZİRGANBAHÇE TOKİ-SEFAKÖY METROBÜS,1,Avrupa1,23.01
693,89C,METROKENT-TAKSİM,89C/METROKENT-TAKSİM,1,Avrupa1,174.31
694,89F,KÜÇÜKÇEKMECE-İSTOÇ,89F/KÜÇÜKÇEKMECE-İSTOÇ,1,Avrupa1,88.06
695,89K,K.S.S. HASTANESİ - AKSARAY,89K/K.S.S. HASTANESİ - AKSARAY,1,Avrupa1,124.27
696,89M,MEHMET AKİF MAHALLESİ - ZEYTİNBURNU,89M/MEHMET AKİF MAHALLESİ - ZEYTİNBURNU,1,Avrupa1,96.08
697,89S,SÖĞÜTLÜÇEŞME - ZEYTİNBURNU,89S/SÖĞÜTLÜÇEŞME - ZEYTİNBURNU,1,Avrupa1,74.0
698,89T,K.S.S. HASTANESİ/ATAKENT-TAKSİM,89T/K.S.S. HASTANESİ/ATAKENT-TAKSİM,1,Avrupa1,181.7
699,89YB,K.S.S. HASTANESİ/ATAKENT - BAKIRKÖY,89YB/K.S.S. HASTANESİ/ATAKENT - BAKIRKÖY,1,Avrupa1,124.64
700,8A,BATI ATAŞEHİR / FİKİRTEPE - KADIKÖY,8A/BATI ATAŞEHİR / FİKİRTEPE - KADIKÖY,1,Anadolu1,58.66
701,8D,ESENEVLER - UZUNÇAYIR METROBÜS / KADIKÖY,8D/ESENEVLER - UZUNÇAYIR METROBÜS / KADIKÖY,0,Anadolu1,56.76
702,8E,ESENEVLER - KADIKÖY,8E/ESENEVLER - KADIKÖY,1,Anadolu1,58.55
703,8K,TEPEÜSTÜ - ATAŞEHİR / KOZYATAĞI METRO,8K/TEPEÜSTÜ - ATAŞEHİR / KOZYATAĞI METRO,1,Anadolu1,85.43
704,8M,ATAŞEHİR - KADIKÖY,8M/ATAŞEHİR - KADIKÖY,0,Anadolu1,71.53
705,8Y,SOYAK YENİŞEHİR - YENİSAHRA METRO,8Y/SOYAK YENİŞEHİR - YENİSAHRA METRO,1,Anadolu1,49.17
706,9,ADEM YAVUZ MAHALLESİ - ÜSKÜDAR,9/ADEM YAVUZ MAHALLESİ - ÜSKÜDAR,1,Anadolu1,107.99
707,90,DRAMAN - EMİNÖNÜ,90/DRAMAN - EMİNÖNÜ,1,Avrupa2,25.99
708,90B,DRAMAN - AKSARAY,90B/DRAMAN - AKSARAY,1,Avrupa2,16.31
709,91E,GÖZTEPE MAHALLESİ - AKSARAY,91E/GÖZTEPE MAHALLESİ - AKSARAY,1,Avrupa1,61.08
710,91M,FATİH MAHALLESİ YANYOL- MECİDİYEKÖY METROBÜS,91M/FATİH MAHALLESİ YANYOL- MECİDİYEKÖY METROBÜS,1,Avrupa1,71.33
711,91O,OTOGAR - EMİNÖNÜ,91O/OTOGAR - EMİNÖNÜ,0,Avrupa2,88.48
712,92,YENİ MAHALLE METRO - EMİNÖNÜ,92/YENİ MAHALLE METRO - EMİNÖNÜ,1,Avrupa1,98.16
713,92A,KİRAZLI METRO / ATEŞTUĞLA - EMİNÖNÜ,92A/KİRAZLI METRO / ATEŞTUĞLA - EMİNÖNÜ,0,Avrupa1,103.87
714,92B,YENİ MAHALLE METRO / ATEŞTUĞLA - AKSARAY,92B/YENİ MAHALLE METRO / ATEŞTUĞLA - AKSARAY,1,Avrupa1,75.15
715,92C,HAZNEDAR - EMİNÖNÜ,92C/HAZNEDAR - EMİNÖNÜ,1,Avrupa1,83.38
716,92K,YENİ MAHALLE METRO / KİRAZLI - AKSARAY,92K/YENİ MAHALLE METRO / KİRAZLI - AKSARAY,1,Avrupa1,79.76
717,92M,BAĞCILAR DEVLET HASTANESİ - MECİDİYEKÖY,92M/BAĞCILAR DEVLET HASTANESİ - MECİDİYEKÖY,1,Avrupa1,105.38
718,92T,BAĞCILAR DEVLET HASTANESİ - TAKSİM,92T/BAĞCILAR DEVLET HASTANESİ - TAKSİM,1,Avrupa1,96.5
719,92Ş,YENİ MAHALLE METRO - MECİDİYEKÖY,92Ş/YENİ MAHALLE METRO - MECİDİYEKÖY,1,Avrupa1,100.43
720,93,ZEYTİNBURNU - EMİNÖNÜ,93/ZEYTİNBURNU - EMİNÖNÜ,1,Avrupa2,77.68
721,93C,ZEYTİNBURNU - AKSARAY,93C/ZEYTİNBURNU - AKSARAY,1,Avrupa2,58.14
722,93M,ZEYTİNBURNU - MECİDİYEKÖY,93M/ZEYTİNBURNU - MECİDİYEKÖY,1,Avrupa2,96.9
723,93T,ZEYTİNBURNU - TAKSİM,93T/ZEYTİNBURNU - TAKSİM,1,Avrupa2,88.14
724,94,OSMANİYE - EMİNÖNÜ,94/OSMANİYE - EMİNÖNÜ,0,Avrupa1,72.57
725,94A,BAKIRKÖY - AKSARAY,94A/BAKIRKÖY - AKSARAY,1,Avrupa1,47.94
726,94Y,YEŞİLPINAR - BAKIRKÖY,94Y/YEŞİLPINAR - BAKIRKÖY,1,Avrupa3,110.54
727,97,15 TEMMUZ MAHALLESİ - AKSARAY,97/15 TEMMUZ MAHALLESİ - AKSARAY,1,Avrupa1,86.07
728,97A,BASINSİTESİ - EMİNÖNÜ,97A/BASINSİTESİ - EMİNÖNÜ,1,Avrupa1,71.57
729,97B,ÇAVUŞPAŞA - BEYAZIT,97B/ÇAVUŞPAŞA - BEYAZIT,0,Avrupa1,79.98
730,97BM,BATIŞEHİR - MECİDİYEKÖY,97BM/BATIŞEHİR - MECİDİYEKÖY,0,Avrupa1,94.21
731,97BT,KOCASİNAN İTFAİYE-TAKSİM,97BT/KOCASİNAN İTFAİYE-TAKSİM,1,Avrupa1,91.82
732,97E,MAHMUTBEY / GÜNEŞLİ - KAZLIÇEŞME,97E/MAHMUTBEY / GÜNEŞLİ - KAZLIÇEŞME,1,Avrupa1,102.86
733,97G,YENİ MAHALLE METRO - AKSARAY,97G/YENİ MAHALLE METRO - AKSARAY,1,Avrupa1,77.44
734,97GE,15 TEMMUZ MAHALLESİ - EMİNÖNÜ,97GE/15 TEMMUZ MAHALLESİ - EMİNÖNÜ,1,Avrupa1,111.05
735,97H,GÜNEŞLİ - AKSARAY,97H/GÜNEŞLİ - AKSARAY,0,Avrupa1,98.28
736,97KZ,KOCASİNAN - ZEYTİNBURNU,97KZ/KOCASİNAN - ZEYTİNBURNU,1,Avrupa1,72.91
737,97M,15 TEMMUZ MAHALLESİ - MECİDİYEKÖY,97M/15 TEMMUZ MAHALLESİ - MECİDİYEKÖY,1,Avrupa1,111.8
738,97T,BASINSİTESİ - TAKSİM,97T/BASINSİTESİ - TAKSİM,1,Avrupa1,84.4
739,98,FENERTEPE/BAŞAKŞEHİR - BAKIRKÖY,98/FENERTEPE/BAŞAKŞEHİR - BAKIRKÖY,1,Avrupa1,161.66
740,98A,GÖZTEPE MAHALLESİ - BAKIRKÖY,98A/GÖZTEPE MAHALLESİ - BAKIRKÖY,1,Avrupa1,77.91
741,98AB,ATAKENT/HALKALI - BAKIRKÖY,98AB/ATAKENT/HALKALI - BAKIRKÖY,1,Avrupa1,93.84
742,98B,KUYUMCUKENT - BAKIRKÖY,98B/KUYUMCUKENT - BAKIRKÖY,1,Avrupa1,51.81
743,98C,BAĞCILAR ÇINAR MAHALLESİ - BAKIRKÖY,98C/BAĞCILAR ÇINAR MAHALLESİ - BAKIRKÖY,0,Avrupa1,51.29
744,98D,YENİ MAHALLE METRO - BAKIRKÖY,98D/YENİ MAHALLE METRO - BAKIRKÖY,1,Avrupa1,51.08
745,98E,GÜNEŞLİ BASIN TESİSLERİ - BAKIRKÖY,98E/GÜNEŞLİ BASIN TESİSLERİ - BAKIRKÖY,1,Avrupa1,72.61
746,98G,GİYİMKENT / TURGUTREİS - BAKIRKÖY,98G/GİYİMKENT / TURGUTREİS - BAKIRKÖY,1,Avrupa2,91.43
747,98H,METROKENT - BAKIRKÖY,98H/METROKENT - BAKIRKÖY,1,Avrupa1,147.64
748,98K,YENİ MAHALLE METRO / KİRAZLI - BAKIRKÖY,98K/YENİ MAHALLE METRO / KİRAZLI - BAKIRKÖY,1,Avrupa1,46.9
749,98KM,FENERTEPE - SEFAKOY METROBÜS,98KM/FENERTEPE - SEFAKOY METROBÜS,1,Avrupa1,135.9
750,98M,İSTOÇ - BAKIRKÖY,98M/İSTOÇ - BAKIRKÖY,1,Avrupa1,84.9
751,98MB,MEHMET AKİF MAHALLESİ - BAKIRKÖY,98MB/MEHMET AKİF MAHALLESİ - BAKIRKÖY,1,Avrupa1,89.18
752,98S,K.S.S. HASTANESİ - BAKIRKÖY,98S/K.S.S. HASTANESİ - BAKIRKÖY,1,Avrupa1,93.75
753,98T,K.S.S. HASTANESİ/ATAKENT-BAKIRKÖY,98T/K.S.S. HASTANESİ/ATAKENT-BAKIRKÖY,1,Avrupa1,142.87
754,98TB,FATİH MAHALLESİ - BAKIRKÖY,98TB/FATİH MAHALLESİ - BAKIRKÖY,1,Avrupa1,70.81
755,98Y,GİYİMKENT / YÜZYIL MAHALLESİ - BAKIRKÖY,98Y/GİYİMKENT / YÜZYIL MAHALLESİ - BAKIRKÖY,1,Avrupa2,72.84
756,99,AKŞEMSETTİN - EMİNÖNÜ,99/AKŞEMSETTİN - EMİNÖNÜ,1,Avrupa3,66.93
757,99A,GAZİOSMANPAŞA - EMİNÖNÜ,99A/GAZİOSMANPAŞA - EMİNÖNÜ,1,Avrupa2,37.54
758,99Y,YEŞİLPINAR - EMİNÖNÜ,99Y/YEŞİLPINAR - EMİNÖNÜ,1,Avrupa3,71.36
759,9A,ATAKENT - ÜSKÜDAR,9A/ATAKENT - ÜSKÜDAR,1,Anadolu1,80.01
760,9H,CUMHURİYETKÖY / HÜSEYİNLİ - ÇEKMEKÖY,9H/CUMHURİYETKÖY / HÜSEYİNLİ - ÇEKMEKÖY,1,Anadolu2,180.69
761,9K,ATATÜRK MAH./ TAŞDELEN - KADIKÖY,9K/ATATÜRK MAH./ TAŞDELEN - KADIKÖY,1,Anadolu2,154.99
762,9T,ŞAHİNBEY - ALTUNİZADE METROBÜS,9T/ŞAHİNBEY - ALTUNİZADE METROBÜS,1,Anadolu2,84.08
763,9Ç,ÇEKMEKÖY - ÜSKÜDAR,9Ç/ÇEKMEKÖY - ÜSKÜDAR,0,Anadolu2,94.36
764,9ÇN,ÇEKMEKÖY - NİŞANTEPE,9ÇN/ÇEKMEKÖY - NİŞANTEPE,1,Anadolu2,112.38
765,9Ü,DEMOKRASİ CADDESİ - ÜSKÜDAR,9Ü/DEMOKRASİ CADDESİ - ÜSKÜDAR,0,Anadolu2,136.01
766,9ÜD,ŞAHİNBEY / DUDULLU - ÜSKÜDAR,9ÜD/ŞAHİNBEY / DUDULLU - ÜSKÜDAR,0,Anadolu2,106.73
767,9Ş,ŞAHİNBEY - ÜSKÜDAR,9Ş/ŞAHİNBEY - ÜSKÜDAR,0,Anadolu2,96.34
768,AND1A,ANADOLU1 / ANADOLU,AND1A/ANADOLU1 / ANADOLU,1,Anadolu1,10.0
769,AND1A3,ANADOLU1 DEPAR / ANADOLU,AND1A3/ANADOLU1 DEPAR / ANADOLU,0,Anadolu2,10.0
770,AND1Ş,ANADOLU1 DEPAR / ŞAHİNKAYA,AND1Ş/ANADOLU1 DEPAR / ŞAHİNKAYA,0,Anadolu1,10.0
771,AND2S,ANADOLU2 DEPAR / SARIGAZİ,AND2S/ANADOLU2 DEPAR / SARIGAZİ,0,Anadolu2,10.0
772,AND2Y,ANADOLU2 DEPAR / YUNUS,AND2Y/ANADOLU2 DEPAR / YUNUS,1,Anadolu2,6.67
773,AVR1,AVRUPA 1 DEPAR / İKİTELLİ,AVR1/AVRUPA 1 DEPAR / İKİTELLİ,1,Avrupa1,6.67
774,AVR1A,AVRUPA 1 DEPAR / İKİTELLİ,AVR1A/AVRUPA 1 DEPAR / İKİTELLİ,1,Avrupa1,22.95
775,AVR2,AVRUPA 2 DEPAR / TOPKAPI,AVR2/AVRUPA 2 DEPAR / TOPKAPI,1,Avrupa2,6.67
776,AVR3,AVRUPA3 DEPAR,AVR3/AVRUPA3 DEPAR,1,Avrupa3,38.91
777,AVR3A,AVRUPA3 DEPAR / AYAZAĞA,AVR3A/AVRUPA3 DEPAR / AYAZAĞA,0,Avrupa3,55.46
778,AVR3K,AVRUPA3 DEPAR / KAĞITHANE,AVR3K/AVRUPA3 DEPAR / KAĞITHANE,1,Avrupa3,12.0
779,AVR3K1,AVRUPA3 DEPAR / KAĞITHANE,AVR3K1/AVRUPA3 DEPAR / KAĞITHANE,0,Avrupa3,36.72
780,BA-1,ÇARŞI-TEPEKÖY-KADIYORAN,BA-1/ÇARŞI-TEPEKÖY-KADIYORAN,1,Anadolu1,8.31
781,BA-2,ÇARŞI-MADEN-NİZAM,BA-2/ÇARŞI-MADEN-NİZAM,1,Anadolu1,16.12
782,BA-3,LUNAPARK MEYDANI BÜYÜK TUR,BA-3/LUNAPARK MEYDANI BÜYÜK TUR,0,Anadolu1,14.2
783,BA-4,ÇINAR-KUMSAL-MADEN,BA-4/ÇINAR-KUMSAL-MADEN,1,Anadolu1,13.98
784,BA-5,ÇARŞI-NİZAM,BA-5/ÇARŞI-NİZAM,1,,12.81
785,BM4,KAVAKLI - AVCILAR METROBÜS,BM4/KAVAKLI - AVCILAR METROBÜS,1,Avrupa1,97.3
786,BN1,HALKALI - EMİNÖNÜ,BN1/HALKALI - EMİNÖNÜ,1,Avrupa1,162.75
787,BN2,KÜÇÜKÇEKMECE - EMİNÖNÜ,BN2/KÜÇÜKÇEKMECE - EMİNÖNÜ,0,Avrupa1,132.55
788,BN3,HALKALI - YENİKAPI,BN3/HALKALI - YENİKAPI,0,Avrupa1,149.64
789,BU-1,ÇARŞI-KALPAZANKAYA,BU-1/ÇARŞI-KALPAZANKAYA,1,Anadolu1,11.74
790,D1,TEPEÜSTÜ - POLONEZKÖY / CUMHURİYET KÖYÜ,D1/TEPEÜSTÜ - POLONEZKÖY / CUMHURİYET KÖYÜ,0,Anadolu1,150.13
791,D2,BEŞİKTAŞ - BELGRAD ORMANI,D2/BEŞİKTAŞ - BELGRAD ORMANI,1,Avrupa3,152.01
792,D3,GÜNGÖREN-KEMERBURGAZ,D3/GÜNGÖREN-KEMERBURGAZ,0,Avrupa1,171.52
793,DD,DENEME1,DD/DENEME1,0,Anadolu1,49.76
794,DENEME,DENEME1,DENEME/DENEME1,0,Anadolu2,10.0
795,DNM1,KIRAZLI METRO - INCIRLI METRO,DNM1/KIRAZLI METRO - INCIRLI METRO,0,Avrupa1,40.13
796,DT1,ORTAKÖY - TAKSİM,DT1/ORTAKÖY - TAKSİM,1,Avrupa3,46.37
797,DT2,ORTAKÖY - TAKSİM,DT2/ORTAKÖY - TAKSİM,1,Avrupa3,44.9
798,E-10,SABİHA GÖKÇEN HAVALİMANI / KURTKÖY - KADIKÖY,E-10/SABİHA GÖKÇEN HAVALİMANI / KURTKÖY - KADIKÖY,1,Anadolu2,173.05
799,E-11,SABİHA GÖKÇEN HAVALİMANI - KADIKÖY,E-11/SABİHA GÖKÇEN HAVALİMANI - KADIKÖY,1,Anadolu2,171.53
800,E-2,BEYKOZ - TAKSİM,E-2/BEYKOZ - TAKSİM,0,Anadolu1,137.28
801,E-3,SABİHA GÖKÇEN HAVALİMANI - 4.LEVENT METRO,E-3/SABİHA GÖKÇEN HAVALİMANI - 4.LEVENT METRO,1,Anadolu2,238.67
802,E-57,ESENKENT BAHÇEŞEHİR - BAKIRKÖY,E-57/ESENKENT BAHÇEŞEHİR - BAKIRKÖY,1,Avrupa1,176.99
803,E-58,ESENKENT BAHÇEŞEHİR - MECİDİYEKÖY,E-58/ESENKENT BAHÇEŞEHİR - MECİDİYEKÖY,1,Avrupa1,194.53
804,E-9,SABİHA GÖKÇEN H.L.-BOSTANCI,E-9/SABİHA GÖKÇEN H.L.-BOSTANCI,1,Anadolu2,159.19
805,EC1,CİBALİ-EMİNÖNÜ,EC1/CİBALİ-EMİNÖNÜ,1,Avrupa2,10.0
806,EL2,EMİRGAN - 4.LEVENT METRO,EL2/EMİRGAN - 4.LEVENT METRO,1,Avrupa3,31.05
807,EM1,EMİNÖNÜ - KULAKSIZ,EM1/EMİNÖNÜ - KULAKSIZ,1,Avrupa3,36.9
808,EM2,EMİNÖNÜ - KULAKSIZ,EM2/EMİNÖNÜ - KULAKSIZ,1,Avrupa3,32.42
809,ER1,KADIKÖY - ERENKÖY,ER1/KADIKÖY - ERENKÖY,1,Anadolu1,34.63
810,ER2,KADIKÖY - ERENKÖY,ER2/KADIKÖY - ERENKÖY,1,Anadolu1,33.5
811,ES1,ESENYURT BELEDİYESİ - BEYLİKDÜZÜ DEVLET HASTANESİ,ES1/ESENYURT BELEDİYESİ - BEYLİKDÜZÜ DEVLET HASTANESİ,1,Avrupa1,71.21
812,ES2,TÜYAP / KIRAÇ - AKÇABURGAZ,ES2/TÜYAP / KIRAÇ - AKÇABURGAZ,1,Avrupa1,91.88
813,ES3,ESENYURT DEVLET HASTANESİ - HARAMİDERE,ES3/ESENYURT DEVLET HASTANESİ - HARAMİDERE,1,Avrupa1,66.5
814,ES4,KİPTAŞ 4. ETAP/5.ETAP-ESENYURT DEVLET HASTANESİ,ES4/KİPTAŞ 4. ETAP/5.ETAP-ESENYURT DEVLET HASTANESİ,0,Avrupa1,33.37
815,F2,KARAKÖY-BEYOĞLU TÜNEL,F2/KARAKÖY-BEYOĞLU TÜNEL,1,Metrobüs,10.0
816,FB1,KADIKÖY - FENERBAHÇE,FB1/KADIKÖY - FENERBAHÇE,1,Anadolu1,26.24
817,FB2,KADIKÖY - FENERBAHÇE,FB2/KADIKÖY - FENERBAHÇE,1,Anadolu1,22.85
818,GZ1,KADIKÖY - GÖZTEPE,GZ1/KADIKÖY - GÖZTEPE,1,Anadolu1,27.93
819,GZ2,KADIKÖY - GÖZTEPE,GZ2/KADIKÖY - GÖZTEPE,1,Anadolu1,29.93
820,H-1,MAHMUTBEY METRO - İSTANBUL HAVALİMANI,H-1/MAHMUTBEY METRO - İSTANBUL HAVALİMANI,1,Avrupa1,195.7
821,H-10,OTOGAR-İSTANBUL HAVALİMANI,H-10/OTOGAR-İSTANBUL HAVALİMANI,0,Avrupa2,231.06
822,H-11,BAKIRKÖY - İSTANBUL HAVALİMANI,H-11/BAKIRKÖY - İSTANBUL HAVALİMANI,0,Avrupa1,235.27
823,H-2,MECİDİYEKÖY - İSTANBUL HAVALİMANI,H-2/MECİDİYEKÖY - İSTANBUL HAVALİMANI,1,Avrupa3,120.0
824,H-3,HALKALI MARMARAY - İSTANBUL HAVALİMANI,H-3/HALKALI MARMARAY - İSTANBUL HAVALİMANI,1,Avrupa1,218.15
825,H-4,ATATÜRK HAVALİMANI-İSTANBUL HAVALİMANI,H-4/ATATÜRK HAVALİMANI-İSTANBUL HAVALİMANI,0,Avrupa1,225.63
826,H-6,YUNUS EMRE MAHALLESİ-İSTANBUL HAVALİMANI,H-6/YUNUS EMRE MAHALLESİ-İSTANBUL HAVALİMANI,1,Avrupa2,185.06
827,H-7,ALİBEYKÖY CEP OTOGARI - İSTANBUL HAVALİMANI,H-7/ALİBEYKÖY CEP OTOGARI - İSTANBUL HAVALİMANI,0,Avrupa3,179.22
828,H-8,HACIOSMAN METRO-İSTANBUL HAVALİMANI,H-8/HACIOSMAN METRO-İSTANBUL HAVALİMANI,1,Avrupa3,262.0
829,H-9,CEVİZLİBAĞ - İSTANBUL HAVALİMANI,H-9/CEVİZLİBAĞ - İSTANBUL HAVALİMANI,1,Avrupa2,246.11
830,HA-1,ÇARŞI-AKÇAKOCA-İTFAİYE,HA-1/ÇARŞI-AKÇAKOCA-İTFAİYE,1,Anadolu1,10.06
831,HA-2,ÇARŞI-ÇAM LİMANI,HA-2/ÇARŞI-ÇAM LİMANI,1,Anadolu1,14.29
832,HA-3,ÇARŞI-DEĞİRMENBURNU-KÜÇÜKTUR,HA-3/ÇARŞI-DEĞİRMENBURNU-KÜÇÜKTUR,0,Anadolu1,33.33
833,HM1,HACIOSMAN METRO - KOCATAŞ,HM1/HACIOSMAN METRO - KOCATAŞ,1,Avrupa3,38.37
834,HM2,KONAKLAR MAHALLESİ - 4.LEVENT METRO,HM2/KONAKLAR MAHALLESİ - 4.LEVENT METRO,1,Avrupa3,11.12
835,HM3,HÜRRİYET MAHALLESİ - ŞİŞLİ,HM3/HÜRRİYET MAHALLESİ - ŞİŞLİ,1,Avrupa3,13.02
836,HM4,LEVENT BASIN SİTESİ - ŞİŞLİ,HM4/LEVENT BASIN SİTESİ - ŞİŞLİ,1,Avrupa3,28.87
837,HS1,YENİBOSNA METRO - ŞEHİR HASTANESİ,HS1/YENİBOSNA METRO - ŞEHİR HASTANESİ,1,Avrupa1,95.74
838,HS2,AVCILAR METROBÜS - ŞEHİR HASTANESİ,HS2/AVCILAR METROBÜS - ŞEHİR HASTANESİ,1,Avrupa1,130.68
839,HT1,K.S.S. HASTANESİ - ÜÇYÜZLÜ METRO,HT1/K.S.S. HASTANESİ - ÜÇYÜZLÜ METRO,1,Avrupa1,101.65
840,HT10,BATIŞEHİR - YENİBOSNA METRO,HT10/BATIŞEHİR - YENİBOSNA METRO,1,Avrupa1,68.98
841,HT11,GİYİMKENT - KUYUMCUKENT,HT11/GİYİMKENT - KUYUMCUKENT,1,Avrupa2,93.97
842,HT12,GÜNEŞLİ BASIN TESİSLERİ - YENİBOSNA METRO,HT12/GÜNEŞLİ BASIN TESİSLERİ - YENİBOSNA METRO,1,Avrupa1,44.66
843,HT13,YENİ MAHALLE METRO - ZEYTİNBURNU,HT13/YENİ MAHALLE METRO - ZEYTİNBURNU,1,Avrupa1,54.74
844,HT18,HADIMKÖY/İ.Ü. CERRAHPAŞA KAMPÜSÜ - TÜYAP,HT18/HADIMKÖY/İ.Ü. CERRAHPAŞA KAMPÜSÜ - TÜYAP,1,Avrupa1,132.16
845,HT19,İ.Ü.CERRAHPAŞA KAMPÜSÜ - TÜYAP METROBÜS,HT19/İ.Ü.CERRAHPAŞA KAMPÜSÜ - TÜYAP METROBÜS,1,Avrupa1,52.97
846,HT2,K.S.S. HASTANESİ-MAHMUTBEY METRO,HT2/K.S.S. HASTANESİ-MAHMUTBEY METRO,0,Avrupa1,66.32
847,HT20,ŞAHİNTEPE - YENİBOSNA METRO,HT20/ŞAHİNTEPE - YENİBOSNA METRO,1,Avrupa1,98.11
848,HT29,KIRAÇ - AVCILAR METROBÜS,HT29/KIRAÇ - AVCILAR METROBÜS,1,Avrupa1,79.7
849,HT48,TEPECİK KİPTAŞ KONUTLARI - AVCILAR METROBÜS,HT48/TEPECİK KİPTAŞ KONUTLARI - AVCILAR METROBÜS,1,Avrupa1,138.1
850,HT5,KOCATEPE METRO-NUR SİTESİ,HT5/KOCATEPE METRO-NUR SİTESİ,1,Avrupa2,57.08
851,HT6,BATIŞEHİR-KOCATEPE METRO,HT6/BATIŞEHİR-KOCATEPE METRO,1,Avrupa2,47.52
852,KA-1,ÇARŞI-NARÇİÇEĞİ,KA-1/ÇARŞI-NARÇİÇEĞİ,1,Anadolu1,10.32
853,KA-2,TEKİNAY-PLAJLAR-BÜYÜK TUR,KA-2/TEKİNAY-PLAJLAR-BÜYÜK TUR,0,Anadolu1,11.6
854,KM10,AYDINLI TOKİ / İÇMELER - PENDİK METRO/YHT - KARTAL,KM10/AYDINLI TOKİ / İÇMELER - PENDİK METRO/YHT - KARTAL,1,Anadolu2,101.95
855,KM11,AYDINLI TOKİ / A.YESEVİ - PENDİK KÖPRÜSÜ,KM11/AYDINLI TOKİ / A.YESEVİ - PENDİK KÖPRÜSÜ,1,Anadolu2,59.7
856,KM12,TUZLA DENİZ HARP OKULU - KARTAL METRO,KM12/TUZLA DENİZ HARP OKULU - KARTAL METRO,1,Anadolu2,105.85
857,KM13,TUZLA - PENDİK METRO/ YHT / PENDİK,KM13/TUZLA - PENDİK METRO/ YHT / PENDİK,1,Anadolu2,107.91
858,KM14,AHMET YESEVİ - TAVŞANTEPE METRO/ YENİŞEHİR,KM14/AHMET YESEVİ - TAVŞANTEPE METRO/ YENİŞEHİR,1,Anadolu2,127.27
859,KM15,YENİŞEHİR-PENDİK METRO,KM15/YENİŞEHİR-PENDİK METRO,1,Anadolu2,70.28
860,KM16,TUZLA DEVLET HASTANESİ/AHMET YESEVİ-PENDİK,KM16/TUZLA DEVLET HASTANESİ/AHMET YESEVİ-PENDİK,0,Anadolu2,118.09
861,KM17,TUZLA EMLAK KONUTLARI-TAVŞANTEPE METRO,KM17/TUZLA EMLAK KONUTLARI-TAVŞANTEPE METRO,1,Anadolu2,49.3
862,KM18,SABANCI ÜNİ./MEDENİYET ÜNİ. - PENDİK METRO/KARTAL,KM18/SABANCI ÜNİ./MEDENİYET ÜNİ. - PENDİK METRO/KARTAL,1,Anadolu2,133.92
863,KM2,KAVAKPINAR-TAVŞANTEPE METRO,KM2/KAVAKPINAR-TAVŞANTEPE METRO,1,Anadolu2,31.26
864,KM21,HİLAL KONUTLARI - KARTAL METRO / CEVİZLİ,KM21/HİLAL KONUTLARI - KARTAL METRO / CEVİZLİ,1,Anadolu2,87.17
865,KM23,KAVAKPINAR / MARMARA HST. - KARTAL METRO / CEVİZLİ,KM23/KAVAKPINAR / MARMARA HST. - KARTAL METRO / CEVİZLİ,1,Anadolu2,96.46
866,KM24,KAVAKPINAR - PENDİK METRO/YHT/PENDİK,KM24/KAVAKPINAR - PENDİK METRO/YHT/PENDİK,1,Anadolu2,68.86
867,KM25,YENİŞEHİR - KARTAL METRO / CEVİZLİ,KM25/YENİŞEHİR - KARTAL METRO / CEVİZLİ,1,Anadolu2,126.69
868,KM26,ÇAMLIK MAHALLESİ - PENDİK METRO/ YHT / PENDİK,KM26/ÇAMLIK MAHALLESİ - PENDİK METRO/ YHT / PENDİK,1,Anadolu2,93.13
869,KM27,YENİŞEHİR - PENDİK METRO/ YHT / PENDİK,KM27/YENİŞEHİR - PENDİK METRO/ YHT / PENDİK,1,Anadolu2,100.41
870,KM28,OKAN ÜNİVERSİTESİ -  PENDİK METRO/ YHT - KARTAL,KM28/OKAN ÜNİVERSİTESİ -  PENDİK METRO/ YHT - KARTAL,1,Anadolu2,133.01
871,KM29,YENİŞEHİR/MARMARA Ü. HAST. - KARTAL METRO/CEVİZLİ,KM29/YENİŞEHİR/MARMARA Ü. HAST. - KARTAL METRO/CEVİZLİ,1,Anadolu2,115.51
872,KM3,UĞURMUMCU-YAKACIK METRO/ PENDİK,KM3/UĞURMUMCU-YAKACIK METRO/ PENDİK,1,Anadolu2,71.5
873,KM30,KARTAL / ATALAR - ESENKENT METRO,KM30/KARTAL / ATALAR - ESENKENT METRO,1,Anadolu2,39.85
874,KM31,UĞURMUMCU - KARTAL,KM31/UĞURMUMCU - KARTAL,1,Anadolu2,54.83
875,KM32,KURFALI - KARTAL METRO / KARTAL,KM32/KURFALI - KARTAL METRO / KARTAL,1,Anadolu2,42.81
876,KM33,PENDİK SAHİL/ YHT - ESENKENT METRO,KM33/PENDİK SAHİL/ YHT - ESENKENT METRO,1,Anadolu2,77.28
877,KM34,KARTAL METRO-TOPSELVİ/GÜLSUYU METRO,KM34/KARTAL METRO-TOPSELVİ/GÜLSUYU METRO,1,Anadolu2,73.41
878,KM35,UĞURMUMCU-CEVİZLİ,KM35/UĞURMUMCU-CEVİZLİ,1,Anadolu2,64.48
879,KM36,KURFALI MAHALLESİ-CEVİZLİ,KM36/KURFALI MAHALLESİ-CEVİZLİ,1,Anadolu2,50.59
880,KM37,HİLAL KONUTLARI-PENDİK METRO/YHT/PENDİK,KM37/HİLAL KONUTLARI-PENDİK METRO/YHT/PENDİK,1,Anadolu2,87.68
881,KM40,MARMARA EĞİTİM KÖYÜ - METRO / MALTEPE,KM40/MARMARA EĞİTİM KÖYÜ - METRO / MALTEPE,0,Anadolu1,75.46
882,KM41,BAŞIBÜYÜK SAĞLIK KAMPÜSÜ - KÜÇÜKYALI METRO - MARMARA ÜNİV.,KM41/BAŞIBÜYÜK SAĞLIK KAMPÜSÜ - KÜÇÜKYALI METRO - MARMARA ÜNİV.,1,Anadolu1,34.9
883,KM42,BAŞIBÜYÜK - SÜREYYAPAŞA HASTANESİ/ MALTEPE,KM42/BAŞIBÜYÜK - SÜREYYAPAŞA HASTANESİ/ MALTEPE,1,Anadolu1,32.46
884,KM43,MALTEPE ÜNİVERSİTESİ - ZÜMRÜTEVLER/ MALTEPE,KM43/MALTEPE ÜNİVERSİTESİ - ZÜMRÜTEVLER/ MALTEPE,1,Anadolu1,58.85
885,KM44,MALTEPE ÜNİVERSİTESİ - SİTELER - MALTEPE,KM44/MALTEPE ÜNİVERSİTESİ - SİTELER - MALTEPE,1,Anadolu1,63.71
886,KM45,MALTEPE ÜNİVERSİTESİ - KÜÇÜKYALI METRO,KM45/MALTEPE ÜNİVERSİTESİ - KÜÇÜKYALI METRO,1,Anadolu1,48.61
887,KM46,BATI ATAŞEHİR - KOZYATAĞI METRO,KM46/BATI ATAŞEHİR - KOZYATAĞI METRO,1,Anadolu1,54.28
888,KM47,GÜLENSU MAHALLESİ-HUZUREVİ METRO,KM47/GÜLENSU MAHALLESİ-HUZUREVİ METRO,1,Anadolu1,22.51
889,KM48,ESENKENT-HUZUREVİ METRO,KM48/ESENKENT-HUZUREVİ METRO,1,Anadolu1,28.81
890,KM60,VEYSEL KARANİ - KARTAL METRO / CEVİZLİ,KM60/VEYSEL KARANİ - KARTAL METRO / CEVİZLİ,1,Anadolu2,86.65
891,KM70,SULTANBEYLİ - KARTAL METRO / CEVİZLİ,KM70/SULTANBEYLİ - KARTAL METRO / CEVİZLİ,1,Anadolu2,122.25
892,KM71,YENİDOĞAN PERONLAR/ ADİL MAH. - CEVİZLİ,KM71/YENİDOĞAN PERONLAR/ ADİL MAH. - CEVİZLİ,1,Anadolu2,134.97
893,KM72,PENDİK/PENDİK METRO/ YHT - SULTANBEYLİ DEVLET HAST.,KM72/PENDİK/PENDİK METRO/ YHT - SULTANBEYLİ DEVLET HAST.,1,Anadolu2,122.63
894,KRB1,AHMET YESEVİ - KURNAKÖY KURBAN PAZARI,KRB1/AHMET YESEVİ - KURNAKÖY KURBAN PAZARI,0,Anadolu2,93.7
895,KRB2,KAYNARCA-KURNAKÖY KURBAN PAZARI,KRB2/KAYNARCA-KURNAKÖY KURBAN PAZARI,0,Anadolu2,92.44
896,KRB3,PENDİK YHT - KURNAKÖY KURBAN PAZARI,KRB3/PENDİK YHT - KURNAKÖY KURBAN PAZARI,0,Anadolu2,80.85
897,KRB4,VELİBABA - KURNAKÖY KURBAN PAZARI,KRB4/VELİBABA - KURNAKÖY KURBAN PAZARI,0,Anadolu2,118.83
898,KÇ2,K.S.S.HASTANESİ - YENİBOSNA METRO,KÇ2/K.S.S.HASTANESİ - YENİBOSNA METRO,1,Avrupa1,77.74
899,LF,EMİRGAN LALE FESTİVALİ - MASLAK METRO,LF/EMİRGAN LALE FESTİVALİ - MASLAK METRO,0,Avrupa3,28.79
900,M5,YAMANEVLER METRO-ÜSKÜDAR,M5/YAMANEVLER METRO-ÜSKÜDAR,0,Anadolu1,49.56
901,M7,MECİDİYEKÖY-MAHMUTBEY,M7/MECİDİYEKÖY-MAHMUTBEY,0,Avrupa3,10.0
902,MB1,KIRAÇ - METROBÜS - İHLAS MARMARA EVLERİ,MB1/KIRAÇ - METROBÜS - İHLAS MARMARA EVLERİ,0,Avrupa1,12.4
903,MK1,METROKENT - ŞEHİR HASTANESİ,MK1/METROKENT - ŞEHİR HASTANESİ,1,Avrupa1,41.51
904,MK11,OLİMPİYATKÖY METRO - KAYAŞEHİR - GÜVERCİNTEPE,MK11/OLİMPİYATKÖY METRO - KAYAŞEHİR - GÜVERCİNTEPE,1,Avrupa1,48.55
905,MK12,OLİMPİYATKÖY METRO - GÜVERCİNTEPE - KAYAŞEHİR,MK12/OLİMPİYATKÖY METRO - GÜVERCİNTEPE - KAYAŞEHİR,1,Avrupa1,46.79
906,MK13,ŞAHİNTEPE - OLİMPİYATKÖY METRO,MK13/ŞAHİNTEPE - OLİMPİYATKÖY METRO,1,Avrupa1,47.7
907,MK14,KİPTAŞ VADİTEPE - OLİMPİYATKÖY METRO,MK14/KİPTAŞ VADİTEPE - OLİMPİYATKÖY METRO,1,Avrupa1,92.3
908,MK15,BOĞAZKÖY / BAHÇEŞEHİR - OLİMPİYATKÖY METRO,MK15/BOĞAZKÖY / BAHÇEŞEHİR - OLİMPİYATKÖY METRO,1,Avrupa1,98.9
909,MK16,OLİMPİYATKÖY METRO - K.ÇEKMECE METROBÜS,MK16/OLİMPİYATKÖY METRO - K.ÇEKMECE METROBÜS,1,Avrupa1,96.0
910,MK17,İBN HALDUN ÜNİ./BAHÇETEPE-OLİMPİYATKÖY METRO,MK17/İBN HALDUN ÜNİ./BAHÇETEPE-OLİMPİYATKÖY METRO,0,Avrupa1,17.35
911,MK19,AYAZMA SİTELERİ-ARENAPARK,MK19/AYAZMA SİTELERİ-ARENAPARK,1,Avrupa1,27.9
912,MK2,OLİMPİYATKÖY METRO - ŞEHİR HASTANESİ,MK2/OLİMPİYATKÖY METRO - ŞEHİR HASTANESİ,1,Avrupa1,20.19
913,MK21,BAŞAKŞEHİR 4. 5. ETAPLAR - BAŞAKŞEHİR METROKENT,MK21/BAŞAKŞEHİR 4. 5. ETAPLAR - BAŞAKŞEHİR METROKENT,0,Avrupa1,29.03
914,MK22,TAŞOLUK PERON - METROKENT,MK22/TAŞOLUK PERON - METROKENT,1,Avrupa2,129.0
915,MK3,15 TEMMUZ MAHALLESİ-MAHMUTBEY METRO,MK3/15 TEMMUZ MAHALLESİ-MAHMUTBEY METRO,0,Avrupa1,28.91
916,MK31,K.S.S HASTANESİ-BAŞAKŞEHİR/FENERTEPE PERON,MK31/K.S.S HASTANESİ-BAŞAKŞEHİR/FENERTEPE PERON,1,Avrupa1,142.07
917,MK32,BAYRAMPAŞA-YENİ MAHALLE METRO,MK32/BAYRAMPAŞA-YENİ MAHALLE METRO,0,Avrupa2,48.9
918,MK36,CEBECİ-YENİ MAHALLE METRO,MK36/CEBECİ-YENİ MAHALLE METRO,0,Avrupa2,20.17
919,MK4,BATIŞEHİR-BİRLİK MAHALLESİ,MK4/BATIŞEHİR-BİRLİK MAHALLESİ,0,Avrupa1,32.07
920,MK41,SEYRANTEPE-KAĞITHANE METRO,MK41/SEYRANTEPE-KAĞITHANE METRO,0,Avrupa3,35.16
921,MK42,15 TEMMUZ MAHALLESİ - KİRAZLI METRO,MK42/15 TEMMUZ MAHALLESİ - KİRAZLI METRO,1,Avrupa1,19.17
922,MK49,YUNUS EMRE MAHALLESİ - KAZIM KARABEKİR METRO,MK49/YUNUS EMRE MAHALLESİ - KAZIM KARABEKİR METRO,1,Avrupa2,24.88
923,MK51,ESENLER GİYİMKENT-ÜÇYÜZLÜ METRO,MK51/ESENLER GİYİMKENT-ÜÇYÜZLÜ METRO,0,Avrupa2,73.32
924,MK52,ZEYTİNBURNU-ÜÇYÜZLÜ METRO,MK52/ZEYTİNBURNU-ÜÇYÜZLÜ METRO,0,Avrupa2,40.41
925,MK53,YUNUSEMRE-ESENTEPE-TEKSTİLKENT METRO,MK53/YUNUSEMRE-ESENTEPE-TEKSTİLKENT METRO,1,Avrupa2,37.39
926,MK79,FENERTEPE - TEKSTİLKENT METRO,MK79/FENERTEPE - TEKSTİLKENT METRO,0,Avrupa1,69.57
927,MK92,YENİ MAHALLE METRO - GÖZTEPE METRO,MK92/YENİ MAHALLE METRO - GÖZTEPE METRO,0,Avrupa1,35.04
928,MK97,ÇAVUŞPAŞA-ZEYTİNBURNU,MK97/ÇAVUŞPAŞA-ZEYTİNBURNU,1,Avrupa1,51.21
929,MR,ÜSKÜDAR MARMARAY - AYRILIKÇEŞME MARMARAY,MR/ÜSKÜDAR MARMARAY - AYRILIKÇEŞME MARMARAY,0,Anadolu1,11.72
930,MR10,ZEYTİNBURNU - KAZLIÇEŞME,MR10/ZEYTİNBURNU - KAZLIÇEŞME,1,Avrupa2,25.18
931,MR11,KAZLIÇEŞME - TOPKAPI,MR11/KAZLIÇEŞME - TOPKAPI,1,Avrupa2,30.37
932,MR12,KAZLIÇEŞME - VEZNECİLER,MR12/KAZLIÇEŞME - VEZNECİLER,0,Avrupa2,41.98
933,MR2,BOSTANCI - AYRILIKÇEŞME,MR2/BOSTANCI - AYRILIKÇEŞME,0,Anadolu1,42.38
934,MR20,YENİBOSNA METRO - KAZLIÇEŞME,MR20/YENİBOSNA METRO - KAZLIÇEŞME,1,Avrupa1,49.01
935,MR30,BASINSİTESİ-KAZLIÇEŞME MARMARAY,MR30/BASINSİTESİ-KAZLIÇEŞME MARMARAY,0,Avrupa1,58.74
936,MR35,KOCAMUSTAFAPAŞA - YENİKAPI,MR35/KOCAMUSTAFAPAŞA - YENİKAPI,0,Avrupa2,13.71
937,MR40,K.S.S. HASTANESİ - ATAKENT - HALKALI MARMARAY,MR40/K.S.S. HASTANESİ - ATAKENT - HALKALI MARMARAY,1,Avrupa1,61.79
938,MR41,ATAKENT 1. ETAP-HALKALI MARMARAY,MR41/ATAKENT 1. ETAP-HALKALI MARMARAY,0,Avrupa1,40.68
939,MR42,HALKALI MARMARAY - İNÖNÜ MAHALLESİ,MR42/HALKALI MARMARAY - İNÖNÜ MAHALLESİ,1,Avrupa1,43.11
940,MR5,YENİKAPI SAHİL-YENİKAPI MARMARAY,MR5/YENİKAPI SAHİL-YENİKAPI MARMARAY,0,Avrupa2,24.55
941,MR50,HALKALI MARMARAY - ŞEHİR HASTANESİ,MR50/HALKALI MARMARAY - ŞEHİR HASTANESİ,1,Avrupa1,84.04
942,MR51,İ.Ü. CERRAHPAŞA KAMPÜSÜ/BAHÇEŞEHİR - HALKALI MARMARAY,MR51/İ.Ü. CERRAHPAŞA KAMPÜSÜ/BAHÇEŞEHİR - HALKALI MARMARAY,1,Avrupa1,148.94
943,MR60,PENDİK/PENDİK YHT-SABİHA GÖKÇEN HAVALİMANI,MR60/PENDİK/PENDİK YHT-SABİHA GÖKÇEN HAVALİMANI,1,Anadolu2,100.71
944,MR61,GÜZELYALI-TUZLA DEVLET HASTANESİ,MR61/GÜZELYALI-TUZLA DEVLET HASTANESİ,1,Anadolu2,41.01
945,MR9,ÇAMLIK - AYRILIKÇEŞME,MR9/ÇAMLIK - AYRILIKÇEŞME,1,Anadolu2,108.42
946,R1,UZUNÇAYIR - MALTEPE SAHİL PARKI,R1/UZUNÇAYIR - MALTEPE SAHİL PARKI,0,Anadolu1,63.06
947,R2,CEVİZLİBAĞ-YENİKAPI,R2/CEVİZLİBAĞ-YENİKAPI,0,Avrupa2,26.14
948,R3,EYÜPSULTAN - BEYAZIT,R3/EYÜPSULTAN - BEYAZIT,0,Avrupa3,43.18
949,R5,YENİKAPI MARMARAY-YENİKAPI ETKİNLİK ALANI,R5/YENİKAPI MARMARAY-YENİKAPI ETKİNLİK ALANI,0,Avrupa2,11.18
950,R6,TEPE ÜSTÜ-MALTEPE SAHİL,R6/TEPE ÜSTÜ-MALTEPE SAHİL,0,Anadolu1,112.16
951,R7,ÜSKÜDAR-BÜYÜK ÇAMLICA CAMİİ,R7/ÜSKÜDAR-BÜYÜK ÇAMLICA CAMİİ,0,Anadolu1,43.79
952,SG-1,KADIKÖY - SABİHA GÖKÇEN HAVALİMANI,SG-1/KADIKÖY - SABİHA GÖKÇEN HAVALİMANI,1,Anadolu2,173.2
953,SG-2,TAKSİM - SABİHA GÖKÇEN HAVALİMANI,SG-2/TAKSİM - SABİHA GÖKÇEN HAVALİMANI,1,Anadolu2,225.13
954,ST36,ESENTEPE/HASEKİ KAMPÜS-SULTANÇİFTLİĞİ TRAMVAY,ST36/ESENTEPE/HASEKİ KAMPÜS-SULTANÇİFTLİĞİ TRAMVAY,0,Avrupa2,22.09
955,T2,TAKSİM - TÜNEL,T2/TAKSİM - TÜNEL,1,Avrupa3,9.45
956,TB1,SULTANAHMET - DOLMABAHÇE - SULTANAHMET,TB1/SULTANAHMET - DOLMABAHÇE - SULTANAHMET,0,Avrupa2,49.6
957,TB2,SULTANAHMET - ÇAMLICA - SULTANAHMET,TB2/SULTANAHMET - ÇAMLICA - SULTANAHMET,0,Avrupa2,41.79
958,TEST1,TEST1,TEST1/TEST1,0,Anadolu1,43.96
959,TEST2,TEST2,TEST2/TEST2,0,Anadolu1,39.25
960,TH-1,TAKSİM - ATATÜRK HAVALİMANI,TH-1/TAKSİM - ATATÜRK HAVALİMANI,0,Avrupa3,96.92
961,THSS10,TAHSİS EDİRNEKAPI,THSS10/TAHSİS EDİRNEKAPI,1,Avrupa3,10.0
962,THSS11,TAHSİS TOPKAPI,THSS11/TAHSİS TOPKAPI,1,Avrupa2,10.0
963,THSS12,TAHSİS İKİTELLİ,THSS12/TAHSİS İKİTELLİ,1,Avrupa1,10.0
964,THSS_1,TAHSİS ANADOLU,THSS_1/TAHSİS ANADOLU,1,Anadolu1,10.0
965,THSS_2,TAHSİS SARIGAZİ,THSS_2/TAHSİS SARIGAZİ,0,Anadolu2,10.0
966,THSS_3,TAHSİS ŞAHİNKAYA,THSS_3/TAHSİS ŞAHİNKAYA,0,Anadolu1,10.0
967,THSS_4,TAHSİS HASANPAŞA,THSS_4/TAHSİS HASANPAŞA,0,Anadolu1,10.0
968,THSS_6,TAHSİS YUNUS,THSS_6/TAHSİS YUNUS,1,Anadolu2,10.0
969,THSS_7,TAHSİS KAĞITHANE,THSS_7/TAHSİS KAĞITHANE,1,Avrupa3,10.0
970,THSS_8,TAHSİS AYAZAĞA,THSS_8/TAHSİS AYAZAĞA,1,Avrupa3,10.0
971,THSS_9,TAHSİS ÇOBANÇEŞME,THSS_9/TAHSİS ÇOBANÇEŞME,1,Avrupa3,10.0
972,U1,BEŞİKTAŞ-ULUS,U1/BEŞİKTAŞ-ULUS,1,Avrupa3,26.39
973,U2,BEŞİKTAŞ-ULUS,U2/BEŞİKTAŞ-ULUS,1,Avrupa3,25.45
974,UM10,BULGURLU METRO - ÜNALAN METRO,UM10/BULGURLU METRO - ÜNALAN METRO,0,Anadolu1,29.62
975,UM11,KİRAZLITEPE-KISIKLI METRO-ESATPAŞA,UM11/KİRAZLITEPE-KISIKLI METRO-ESATPAŞA,1,Anadolu1,44.35
976,UM12,GÜZELTEPE - ÜMRANİYE METRO,UM12/GÜZELTEPE - ÜMRANİYE METRO,0,Anadolu1,32.83
977,UM13,KÜÇÜKSU / YAVUZTÜRK MAHALLESİ - ÜMRANİYE EĞT.ARŞ.HST.,UM13/KÜÇÜKSU / YAVUZTÜRK MAHALLESİ - ÜMRANİYE EĞT.ARŞ.HST.,1,Anadolu1,52.64
978,UM21,ÇAMLIK MAH. - YAMANEVLER METRO,UM21/ÇAMLIK MAH. - YAMANEVLER METRO,0,Anadolu1,29.47
979,UM22,TEPEÜSTÜ/ALTINŞEHİR METRO-YENİSAHRA METRO,UM22/TEPEÜSTÜ/ALTINŞEHİR METRO-YENİSAHRA METRO,0,Anadolu1,58.34
980,UM25,ESENEVLER - BULGURLU METRO,UM25/ESENEVLER - BULGURLU METRO,0,Anadolu1,15.28
981,UM40,ATATÜRK MAH./ TAŞDELEN - NECİP FAZIL METRO,UM40/ATATÜRK MAH./ TAŞDELEN - NECİP FAZIL METRO,1,Anadolu2,55.28
982,UM60,SANCAKTEPE - NECİP FAZIL METRO,UM60/SANCAKTEPE - NECİP FAZIL METRO,1,Anadolu2,74.42
983,UM61,PAŞAKÖY/YENİDOĞAN-NECİP FAZIL METRO,UM61/PAŞAKÖY/YENİDOĞAN-NECİP FAZIL METRO,1,Anadolu2,55.16
984,UM62,YENİDOĞAN/TAŞDELEN-NECİP FAZIL METRO,UM62/YENİDOĞAN/TAŞDELEN-NECİP FAZIL METRO,1,Anadolu2,55.37
985,UM63,SARIGAZİ EMEK MAHALLESİ - ALTINŞEHİR METRO,UM63/SARIGAZİ EMEK MAHALLESİ - ALTINŞEHİR METRO,0,Anadolu2,46.01
986,UM73,SULTANBEYLİ-NECİP FAZIL METRO,UM73/SULTANBEYLİ-NECİP FAZIL METRO,1,Anadolu2,107.41
987,UM74,SULTANBEYLİ DEVLET HAST.-YAMANEVLER METRO,UM74/SULTANBEYLİ DEVLET HAST.-YAMANEVLER METRO,0,Anadolu2,57.13
988,VİP,VİP,VİP/VİP,0,Avrupa1,71.02
989,YH-1,YENİKAPI İDO - ATATÜRK HAVALİMANI,YH-1/YENİKAPI İDO - ATATÜRK HAVALİMANI,0,Avrupa2,76.1
990,YT-1,YENİKAPI İDO - TAKSİM,YT-1/YENİKAPI İDO - TAKSİM,0,Avrupa2,37.72
991,ÇM41,ÇEKMEKÖY-NECİP FAZIL METRO,ÇM41/ÇEKMEKÖY-NECİP FAZIL METRO,1,Anadolu2,34.87
992,ÇM42,ŞAHİNBEY - ÇEKMEKÖY METRO/ EMEK MAH.,ÇM42/ŞAHİNBEY - ÇEKMEKÖY METRO/ EMEK MAH.,1,Anadolu2,37.24
993,ÇM43,ATATÜRK MAHALLESİ-NECİP FAZIL METRO,ÇM43/ATATÜRK MAHALLESİ-NECİP FAZIL METRO,1,Anadolu2,49.04
994,ÇM44,NİŞANTEPE - ÇEKMEKÖY METRO/ PROF.DR. FERİHA ÖZ HAST.,ÇM44/NİŞANTEPE - ÇEKMEKÖY METRO/ PROF.DR. FERİHA ÖZ HAST.,1,Anadolu2,116.2
995,İST-1,YENİKAPI-İSTANBUL HAVALİMANI,İST-1/YENİKAPI-İSTANBUL HAVALİMANI,0,Avrupa2,220.0
996,İST-10,MADENLER - İSTANBUL HAVALİMANI,İST-10/MADENLER - İSTANBUL HAVALİMANI,0,Anadolu2,240.0
997,İST-11,ARNAVUTKÖY - İSTANBUL HAVALİMANI,İST-11/ARNAVUTKÖY - İSTANBUL HAVALİMANI,0,Avrupa2,31.72
998,İST-12,KEMERBURGAZ - İSTANBUL HAVALİMANI,İST-12/KEMERBURGAZ - İSTANBUL HAVALİMANI,0,Avrupa3,20.58
999,İST-13,SARIYER - HACIOSMAN - İSTANBUL HAVALİMANI,İST-13/SARIYER - HACIOSMAN - İSTANBUL HAVALİMANI,0,Avrupa3,150.0
1000,İST-14,KAYAŞEHİR/BAŞAKŞEHİR-İSTANBUL HAVALİMANI,İST-14/KAYAŞEHİR/BAŞAKŞEHİR-İSTANBUL HAVALİMANI,0,Avrupa1,48.71
1001,İST-15,AVCILAR METROBÜS/BAHÇEŞEHİR-İSTANBUL HAVALİMANI,İST-15/AVCILAR METROBÜS/BAHÇEŞEHİR-İSTANBUL HAVALİMANI,0,Avrupa1,200.0
1002,İST-16,MAHMUTBEY METRO - İSTANBUL HAVALİMANI,İST-16/MAHMUTBEY METRO - İSTANBUL HAVALİMANI,0,Avrupa1,62.28
1003,İST-17,HALKALI İSTASYON/BAŞAKŞEHİR METROKENT-İSTANBUL HAVALİMANI,İST-17/HALKALI İSTASYON/BAŞAKŞEHİR METROKENT-İSTANBUL HAVALİMANI,0,Avrupa1,200.0
1004,İST-18,MECİDİYEKÖY - İSTANBUL HAVALİMANI,İST-18/MECİDİYEKÖY - İSTANBUL HAVALİMANI,0,Avrupa3,67.47
1005,İST-19,TAKSİM - İSTANBUL HAVALİMANI,İST-19/TAKSİM - İSTANBUL HAVALİMANI,0,Avrupa3,160.0
1006,İST-2,BEYLİKDÜZÜ/ÇATALCA-İSTANBUL HAVALİMANI,İST-2/BEYLİKDÜZÜ/ÇATALCA-İSTANBUL HAVALİMANI,0,Avrupa1,180.0
1007,İST-20,SULTANAHMET - İSTANBUL HAVALİMANI,İST-20/SULTANAHMET - İSTANBUL HAVALİMANI,0,Avrupa2,200.0
1008,İST-3,OTOGAR-İSTANBUL HAVALİMANI,İST-3/OTOGAR-İSTANBUL HAVALİMANI,0,Avrupa2,120.0
1009,İST-4,BAKIRKÖY - İSTANBUL HAVALİMANI,İST-4/BAKIRKÖY - İSTANBUL HAVALİMANI,0,Avrupa1,160.0
1010,İST-5,BEŞİKTAŞ - İSTANBUL HAVALİMANI,İST-5/BEŞİKTAŞ - İSTANBUL HAVALİMANI,0,Avrupa3,180.0
1011,İST-6,ALİBEYKÖY CEP OTOGARI - İSTANBUL HAVALİMANI,İST-6/ALİBEYKÖY CEP OTOGARI - İSTANBUL HAVALİMANI,0,Avrupa3,54.21
1012,İST-7,KADIKÖY - İSTANBUL HAVALİMANI,İST-7/KADIKÖY - İSTANBUL HAVALİMANI,0,Anadolu1,220.0
1013,İST-8,PENDİK - İSTANBUL HAVALİMANI,İST-8/PENDİK - İSTANBUL HAVALİMANI,0,Anadolu2,200.0
1014,İST-9,HACIOSMAN - İSTANBUL HAVALİMANI,İST-9/HACIOSMAN - İSTANBUL HAVALİMANI,0,Avrupa3,69.67
